ano_mes,produto,num_coletas,preco_medio,desvio_padrao,preco_min,preco_max
2019-01-01,DIESEL,15552,3.437,0.252,2.87,4.95
2019-02-01,DIESEL,12444,3.453,0.236,2.89,4.95
2019-03-01,DIESEL,12291,3.53,0.226,2.899,4.95
2019-04-01,DIESEL,14573,3.573,0.222,2.989,4.95
2019-05-01,DIESEL,13220,3.649,0.216,3.089,4.95
2019-06-01,DIESEL,12460,3.608,0.224,3.089,4.95
2019-07-01,DIESEL,14910,3.543,0.227,3.029,4.95
2019-08-01,DIESEL,12814,3.524,0.224,3.048,4.95
2019-09-01,DIESEL,13460,3.592,0.233,2.999,4.95
2019-10-01,DIESEL,14356,3.705,0.22,3.139,4.95
2019-11-01,DIESEL,12339,3.713,0.217,3.17,4.95
2019-12-01,DIESEL,13743,3.737,0.211,3.249,4.99
2020-01-01,DIESEL,13821,3.788,0.213,3.29,5.009
2020-02-01,DIESEL,12258,3.714,0.228,3.149,4.99
2020-03-01,DIESEL,13559,3.574,0.259,2.89,4.95
2020-04-01,DIESEL,13745,3.293,0.271,2.453,4.95
2020-05-01,DIESEL,12070,3.037,0.271,2.459,4.95
2020-06-01,DIESEL,13668,3.064,0.247,2.49,4.95
2020-07-01,DIESEL,13533,3.249,0.239,2.54,4.95
2020-08-01,DIESEL,8952,3.358,0.231,2.729,4.95
2020-10-01,DIESEL,681,3.454,0.289,2.879,4.65
2020-11-01,DIESEL,2703,3.514,0.255,2.949,5.09
2020-12-01,DIESEL,3868,3.606,0.237,3.09,4.8
2021-01-01,DIESEL,4106,3.696,0.232,3.199,5.25
2021-02-01,DIESEL,4512,3.951,0.31,3.289,5.85
2021-03-01,DIESEL,6159,4.252,0.274,3.399,6.01
2021-04-01,DIESEL,5534,4.202,0.28,3.599,5.899
2021-05-01,DIESEL,6279,4.47,0.28,3.099,6.13
2021-06-01,DIESEL,8127,4.505,0.268,3.099,6.1
2021-07-01,DIESEL,8098,4.589,0.271,3.889,6.398
2021-08-01,DIESEL,9015,4.611,0.273,3.78,6.35
2021-09-01,DIESEL,8734,4.728,0.277,3.699,6.48
2021-10-01,DIESEL,8300,5.033,0.294,3.89,6.42
2021-11-01,DIESEL,9627,5.359,0.265,4.07,6.7
2021-12-01,DIESEL,9414,5.347,0.27,4.07,6.986
2022-01-01,DIESEL,9154,5.497,0.295,4.07,6.905
2022-02-01,DIESEL,9124,5.592,0.272,4.349,6.985
2022-03-01,DIESEL,10449,6.288,0.546,4.599,7.98
2022-04-01,DIESEL,9693,6.602,0.313,4.999,7.979
2022-05-01,DIESEL,11187,6.84,0.384,5.49,8.69
2022-06-01,DIESEL,11108,7.2,0.494,5.64,8.99
2022-07-01,DIESEL,9996,7.46,0.309,5.69,9.0
2022-08-01,DIESEL,11965,7.1,0.379,6.24,8.99
2022-09-01,DIESEL,5389,6.85,0.341,3.14,8.89
2022-10-01,DIESEL,3250,6.56,0.336,4.6,8.52
2022-11-01,DIESEL,5480,6.58,0.327,5.09,8.52
2022-12-01,DIESEL,5682,6.36,0.372,4.62,8.52
2023-01-01,DIESEL,7622,6.33,0.37,4.89,7.99
2023-02-01,DIESEL,7148,6.06,0.425,4.89,7.99
2023-03-01,DIESEL,8358,5.88,0.396,4.59,7.69
2023-04-01,DIESEL,8094,5.76,0.391,4.76,7.69
2023-05-01,DIESEL,10274,5.37,0.461,3.97,7.69
2023-06-01,DIESEL,8563,5.02,0.372,4.09,7.29
2023-07-01,DIESEL,9588,4.94,0.366,4.09,7.19
2023-08-01,DIESEL,9950,5.51,0.583,4.09,7.75
2023-09-01,DIESEL,8603,6.08,0.328,4.09,7.96
2023-10-01,DIESEL,10186,6.08,0.335,4.09,7.96
2023-11-01,DIESEL,9168,6.08,0.353,4.49,7.95
2023-12-01,DIESEL,8582,5.92,0.376,4.69,7.95
2024-01-01,DIESEL,10430,5.86,0.388,4.69,8.19
2024-02-01,DIESEL,8970,5.9,0.388,4.69,7.95
2024-03-01,DIESEL,8743,5.86,0.385,5.12,7.95
2024-04-01,DIESEL,10188,5.88,0.375,5.19,7.82
2024-05-01,DIESEL,9034,5.88,0.372,5.04,7.82
2024-06-01,DIESEL,8629,5.87,0.365,5.09,7.82
2024-07-01,DIESEL,8726,5.94,0.357,5.29,7.82
2024-08-01,DIESEL,7445,5.95,0.354,5.36,7.82
2024-09-01,DIESEL,7996,5.94,0.354,5.34,7.82
2024-10-01,DIESEL,7928,5.95,0.371,5.34,7.75
2024-11-01,DIESEL,6728,5.98,0.354,5.29,7.93
2024-12-01,DIESEL,7764,6.03,0.353,5.25,7.93
2025-01-01,DIESEL,7463,6.08,0.355,5.39,7.93
2025-02-01,DIESEL,7060,6.38,0.347,5.58,8.19
2025-03-01,DIESEL,8152,6.35,0.346,5.47,8.33
2025-04-01,DIESEL,7962,6.22,0.375,5.49,8.33
2025-05-01,DIESEL,7475,6.06,0.407,5.29,8.33
2025-06-01,DIESEL,7659,5.97,0.401,5.29,8.19
2025-07-01,DIESEL,6911,5.97,0.406,5.24,8.19
2025-08-01,DIESEL,5408,6.0,0.389,5.32,8.19
2025-09-01,DIESEL,6410,5.99,0.391,5.31,8.39
2025-10-01,DIESEL,6569,5.98,0.382,5.39,8.33
2025-11-01,DIESEL,6758,6.0,0.368,5.39,8.15
2025-12-01,DIESEL,8142,6.01,0.356,5.29,8.33
2026-01-01,DIESEL,7114,6.05,0.359,5.39,8.33
2026-02-01,DIESEL,7166,6.04,0.361,5.09,8.33
2026-03-01,DIESEL,8203,6.97,0.686,5.39,9.45
2026-04-01,DIESEL,7547,7.28,0.441,6.07,9.45
2026-05-01,DIESEL,7318,6.97,0.443,5.79,8.99
2026-06-01,DIESEL,8466,6.78,0.471,5.59,8.99
2026-07-01,DIESEL,7867,6.61,0.512,5.49,8.99
2026-08-01,DIESEL,8305,6.5,0.518,5.07,8.89
2019-01-01,DIESEL S10,23435,3.543,0.239,2.979,5.07
2019-02-01,DIESEL S10,18901,3.549,0.229,2.79,5.07
2019-03-01,DIESEL S10,18829,3.619,0.217,2.979,5.07
2019-04-01,DIESEL S10,22367,3.66,0.215,2.999,5.07
2019-05-01,DIESEL S10,20237,3.73,0.208,3.199,5.07
2019-06-01,DIESEL S10,18987,3.692,0.214,3.099,5.07
2019-07-01,DIESEL S10,22949,3.631,0.219,3.07,5.07
2019-08-01,DIESEL S10,19810,3.612,0.22,2.999,5.07
2019-09-01,DIESEL S10,20547,3.671,0.226,2.999,5.07
2019-10-01,DIESEL S10,22364,3.777,0.21,3.16,5.07
2019-11-01,DIESEL S10,19175,3.786,0.207,3.19,5.07
2019-12-01,DIESEL S10,21766,3.811,0.202,3.29,5.089
2020-01-01,DIESEL S10,21699,3.856,0.204,2.899,5.15
2020-02-01,DIESEL S10,19352,3.795,0.217,3.039,5.07
2020-03-01,DIESEL S10,21678,3.665,0.251,2.699,5.07
2020-04-01,DIESEL S10,21615,3.392,0.275,2.465,5.07
2020-05-01,DIESEL S10,19283,3.14,0.283,2.489,5.07
2020-06-01,DIESEL S10,21889,3.152,0.261,2.53,5.07
2020-07-01,DIESEL S10,21486,3.327,0.242,2.58,5.07
2020-08-01,DIESEL S10,14398,3.431,0.231,2.79,5.07
2020-10-01,DIESEL S10,1815,3.582,0.255,3.079,4.69
2020-11-01,DIESEL S10,6331,3.605,0.24,2.989,5.221
2020-12-01,DIESEL S10,8616,3.683,0.227,3.099,5.379
2021-01-01,DIESEL S10,8597,3.778,0.222,3.239,5.3
2021-02-01,DIESEL S10,8959,4.007,0.289,3.199,5.89
2021-03-01,DIESEL S10,12161,4.313,0.252,3.59,5.89
2021-04-01,DIESEL S10,10648,4.263,0.256,3.699,5.78
2021-05-01,DIESEL S10,12096,4.526,0.255,3.299,6.13
2021-06-01,DIESEL S10,14966,4.569,0.247,2.805,6.349
2021-07-01,DIESEL S10,14691,4.646,0.251,3.899,6.2
2021-08-01,DIESEL S10,16567,4.67,0.253,4.005,6.399
2021-09-01,DIESEL S10,15838,4.773,0.256,4.009,6.49
2021-10-01,DIESEL S10,15236,5.096,0.286,4.049,6.799
2021-11-01,DIESEL S10,17589,5.444,0.252,4.099,6.8
2021-12-01,DIESEL S10,17148,5.424,0.257,4.499,6.959
2022-01-01,DIESEL S10,16513,5.562,0.281,4.54,7.005
2022-02-01,DIESEL S10,16657,5.655,0.262,4.369,7.085
2022-03-01,DIESEL S10,19154,6.382,0.558,4.899,8.065
2022-04-01,DIESEL S10,17359,6.733,0.297,4.659,8.065
2022-05-01,DIESEL S10,20206,6.97,0.362,5.38,8.49
2022-06-01,DIESEL S10,20209,7.32,0.476,5.39,9.15
2022-07-01,DIESEL S10,18176,7.57,0.294,6.29,9.0
2022-08-01,DIESEL S10,22090,7.19,0.376,5.46,9.0
2022-09-01,DIESEL S10,9968,6.94,0.333,5.49,8.89
2022-10-01,DIESEL S10,5787,6.68,0.336,3.59,8.49
2022-11-01,DIESEL S10,9246,6.69,0.327,5.75,8.59
2022-12-01,DIESEL S10,9398,6.49,0.366,5.57,9.65
2023-01-01,DIESEL S10,12763,6.44,0.37,5.59,8.85
2023-02-01,DIESEL S10,11613,6.16,0.425,5.27,8.85
2023-03-01,DIESEL S10,13451,5.95,0.401,5.09,8.91
2023-04-01,DIESEL S10,12682,5.81,0.406,4.99,9.0
2023-05-01,DIESEL S10,16072,5.42,0.472,4.49,9.0
2023-06-01,DIESEL S10,13659,5.08,0.393,4.39,9.0
2023-07-01,DIESEL S10,15193,5.0,0.378,4.32,9.0
2023-08-01,DIESEL S10,15338,5.61,0.598,4.19,8.49
2023-09-01,DIESEL S10,13469,6.2,0.318,4.79,8.49
2023-10-01,DIESEL S10,15939,6.22,0.33,4.66,8.89
2023-11-01,DIESEL S10,14618,6.2,0.352,4.99,8.89
2023-12-01,DIESEL S10,13664,6.02,0.386,4.89,8.89
2024-01-01,DIESEL S10,16573,5.95,0.392,4.99,8.89
2024-02-01,DIESEL S10,14208,5.97,0.384,4.99,8.89
2024-03-01,DIESEL S10,13954,5.93,0.382,4.99,8.49
2024-04-01,DIESEL S10,16464,5.94,0.37,4.99,8.49
2024-05-01,DIESEL S10,14482,5.94,0.364,5.24,8.49
2024-06-01,DIESEL S10,13703,5.93,0.359,5.11,8.49
2024-07-01,DIESEL S10,14441,6.01,0.347,5.2,8.49
2024-08-01,DIESEL S10,12055,6.02,0.347,5.19,8.99
2024-09-01,DIESEL S10,13379,6.01,0.351,5.33,8.99
2024-10-01,DIESEL S10,13034,6.02,0.365,5.33,8.99
2024-11-01,DIESEL S10,11226,6.05,0.358,5.39,8.99
2024-12-01,DIESEL S10,12748,6.11,0.357,5.09,8.99
2025-01-01,DIESEL S10,12317,6.16,0.358,5.19,8.99
2025-02-01,DIESEL S10,11674,6.46,0.354,5.54,8.99
2025-03-01,DIESEL S10,13700,6.42,0.354,5.68,8.99
2025-04-01,DIESEL S10,13086,6.29,0.398,5.44,8.99
2025-05-01,DIESEL S10,12341,6.12,0.427,5.28,8.99
2025-06-01,DIESEL S10,13016,6.04,0.424,5.19,8.99
2025-07-01,DIESEL S10,11693,6.03,0.424,5.29,8.99
2025-08-01,DIESEL S10,9535,6.06,0.409,5.09,9.29
2025-09-01,DIESEL S10,11273,6.06,0.42,5.34,9.29
2025-10-01,DIESEL S10,11174,6.05,0.392,5.39,9.29
2025-11-01,DIESEL S10,11119,6.07,0.367,4.73,8.99
2025-12-01,DIESEL S10,13613,6.07,0.362,5.39,8.99
2026-01-01,DIESEL S10,11985,6.12,0.373,5.35,9.39
2026-02-01,DIESEL S10,11847,6.1,0.381,5.33,9.99
2026-03-01,DIESEL S10,13981,7.09,0.701,5.39,9.99
2026-04-01,DIESEL S10,12775,7.45,0.434,5.69,9.79
2026-05-01,DIESEL S10,12238,7.18,0.418,5.69,9.99
2026-06-01,DIESEL S10,14290,7.08,0.401,5.69,9.99
2026-07-01,DIESEL S10,13315,6.96,0.422,5.84,9.99
2026-08-01,DIESEL S10,14031,6.9,0.431,5.63,9.27
2019-01-01,ETANOL,25791,2.812,0.446,2.179,4.949
2019-02-01,ETANOL,20659,2.783,0.456,2.129,4.949
2019-03-01,ETANOL,20661,2.95,0.429,2.19,4.949
2019-04-01,ETANOL,24364,3.002,0.451,2.299,4.949
2019-05-01,ETANOL,22088,2.99,0.505,2.259,4.999
2019-06-01,ETANOL,20626,2.819,0.545,2.159,4.97
2019-07-01,ETANOL,24885,2.776,0.536,2.099,4.97
2019-08-01,ETANOL,21495,2.829,0.507,2.139,4.97
2019-09-01,ETANOL,22208,2.851,0.494,2.249,4.97
2019-10-01,ETANOL,24268,2.906,0.479,2.269,5.47
2019-11-01,ETANOL,20683,2.974,0.457,2.349,5.47
2019-12-01,ETANOL,23528,3.125,0.421,2.379,5.47
2020-01-01,ETANOL,22882,3.226,0.424,2.478,5.099
2020-02-01,ETANOL,20555,3.248,0.43,2.69,4.999
2020-03-01,ETANOL,23156,3.196,0.454,2.099,4.999
2020-04-01,ETANOL,22941,2.784,0.564,1.859,4.999
2020-05-01,ETANOL,20575,2.55,0.564,1.799,4.999
2020-06-01,ETANOL,23397,2.655,0.504,1.969,4.999
2020-07-01,ETANOL,22862,2.739,0.49,2.099,4.999
2020-08-01,ETANOL,15169,2.768,0.486,2.079,4.94
2020-10-01,ETANOL,2093,3.006,0.372,2.499,4.499
2020-11-01,ETANOL,7309,3.103,0.406,2.499,5.149
2020-12-01,ETANOL,9816,3.179,0.407,2.299,5.149
2021-01-01,ETANOL,9638,3.221,0.407,2.479,5.295
2021-02-01,ETANOL,10201,3.429,0.442,2.05,5.499
2021-03-01,ETANOL,13821,4.038,0.494,2.859,6.578
2021-04-01,ETANOL,12140,3.826,0.54,2.379,6.259
2021-05-01,ETANOL,14067,4.25,0.476,3.199,6.595
2021-06-01,ETANOL,16976,4.358,0.514,3.097,6.999
2021-07-01,ETANOL,16109,4.318,0.555,3.189,6.999
2021-08-01,ETANOL,18263,4.476,0.539,3.449,6.999
2021-09-01,ETANOL,17403,4.698,0.502,3.799,7.199
2021-10-01,ETANOL,16652,4.883,0.493,4.09,7.399
2021-11-01,ETANOL,19182,5.37,0.481,4.099,7.899
2021-12-01,ETANOL,18420,5.141,0.559,3.997,7.899
2022-01-01,ETANOL,17662,5.038,0.543,4.099,7.797
2022-02-01,ETANOL,17522,4.744,0.632,3.77,7.699
2022-03-01,ETANOL,20371,4.842,0.616,3.77,7.989
2022-04-01,ETANOL,18369,5.326,0.547,4.099,7.9
2022-05-01,ETANOL,21399,5.27,0.657,4.17,7.9
2022-06-01,ETANOL,21499,4.9,0.766,3.69,7.9
2022-07-01,ETANOL,19372,4.36,0.737,3.39,7.89
2022-08-01,ETANOL,23455,3.95,0.648,2.89,7.19
2022-09-01,ETANOL,10699,3.48,0.672,2.61,6.99
2022-10-01,ETANOL,7713,3.56,0.436,2.49,6.9
2022-11-01,ETANOL,11631,3.83,0.401,3.07,6.97
2022-12-01,ETANOL,11662,3.84,0.403,3.0,6.54
2023-01-01,ETANOL,15382,3.88,0.425,3.06,6.57
2023-02-01,ETANOL,13792,3.8,0.434,3.03,6.96
2023-03-01,ETANOL,15959,3.93,0.442,3.13,6.57
2023-04-01,ETANOL,15133,3.97,0.415,3.17,6.59
2023-05-01,ETANOL,18997,3.97,0.447,2.99,6.5
2023-06-01,ETANOL,15938,3.76,0.481,2.97,6.73
2023-07-01,ETANOL,17641,3.79,0.545,2.79,6.73
2023-08-01,ETANOL,17990,3.63,0.59,2.75,6.73
2023-09-01,ETANOL,15629,3.64,0.572,2.69,6.6
2023-10-01,ETANOL,18476,3.6,0.558,2.78,6.6
2023-11-01,ETANOL,16931,3.56,0.537,2.78,6.6
2023-12-01,ETANOL,15981,3.48,0.543,2.69,6.6
2024-01-01,ETANOL,19235,3.42,0.555,2.63,6.6
2024-02-01,ETANOL,16477,3.57,0.499,2.73,6.6
2024-03-01,ETANOL,16107,3.58,0.491,2.69,5.99
2024-04-01,ETANOL,19066,3.78,0.444,2.79,5.99
2024-05-01,ETANOL,16890,3.82,0.454,2.89,5.99
2024-06-01,ETANOL,16021,3.82,0.466,2.89,5.99
2024-07-01,ETANOL,17468,4.02,0.471,2.99,6.06
2024-08-01,ETANOL,14670,4.06,0.462,3.29,6.14
2024-09-01,ETANOL,16179,4.05,0.464,3.19,6.06
2024-10-01,ETANOL,15814,4.04,0.463,3.09,6.06
2024-11-01,ETANOL,13709,4.05,0.446,3.19,7.35
2024-12-01,ETANOL,15669,4.11,0.432,3.19,6.59
2025-01-01,ETANOL,14921,4.21,0.424,3.29,6.16
2025-02-01,ETANOL,14164,4.38,0.431,3.39,6.49
2025-03-01,ETANOL,16536,4.35,0.435,3.25,6.49
2025-04-01,ETANOL,15895,4.31,0.461,3.38,6.68
2025-05-01,ETANOL,14990,4.29,0.47,3.35,6.89
2025-06-01,ETANOL,16092,4.2,0.497,3.19,6.49
2025-07-01,ETANOL,14455,4.16,0.517,3.09,6.49
2025-08-01,ETANOL,11996,4.17,0.505,3.19,6.49
2025-09-01,ETANOL,14296,4.26,0.465,3.19,6.49
2025-10-01,ETANOL,13908,4.28,0.451,3.29,7.44
2025-11-01,ETANOL,13753,4.3,0.423,3.39,6.49
2025-12-01,ETANOL,16747,4.42,0.394,3.49,6.49
2026-01-01,ETANOL,14504,4.59,0.384,3.69,6.49
2026-02-01,ETANOL,14452,4.64,0.376,3.59,6.83
2026-03-01,ETANOL,17191,4.67,0.455,3.69,6.99
2026-04-01,ETANOL,15634,4.66,0.505,3.06,6.66
2026-05-01,ETANOL,14767,4.32,0.628,2.95,6.94
2026-06-01,ETANOL,17343,4.13,0.654,2.89,6.6
2026-07-01,ETANOL,16100,4.04,0.655,2.8,6.6
2026-08-01,ETANOL,16850,3.93,0.673,2.77,6.6
2019-01-01,GASOLINA,29056,4.268,0.314,3.39,6.29
2019-02-01,GASOLINA,23251,4.19,0.316,3.397,5.69
2019-03-01,GASOLINA,23219,4.305,0.306,3.499,5.988
2019-04-01,GASOLINA,27385,4.437,0.301,3.599,5.988
2019-05-01,GASOLINA,24841,4.552,0.306,3.699,5.859
2019-06-01,GASOLINA,23235,4.468,0.311,3.679,5.859
2019-07-01,GASOLINA,28065,4.351,0.317,3.569,5.859
2019-08-01,GASOLINA,24149,4.316,0.308,3.559,5.799
2019-09-01,GASOLINA,25045,4.326,0.31,3.559,5.799
2019-10-01,GASOLINA,27201,4.38,0.303,3.629,5.799
2019-11-01,GASOLINA,23235,4.413,0.291,3.649,5.799
2019-12-01,GASOLINA,26228,4.531,0.281,3.699,5.859
2020-01-01,GASOLINA,25996,4.579,0.276,3.799,5.899
2020-02-01,GASOLINA,23230,4.55,0.274,3.67,5.899
2020-03-01,GASOLINA,26055,4.462,0.294,3.23,5.889
2020-04-01,GASOLINA,25947,4.066,0.341,2.92,5.889
2020-05-01,GASOLINA,23056,3.818,0.314,2.87,5.69
2020-06-01,GASOLINA,26187,3.964,0.301,2.99,5.69
2020-07-01,GASOLINA,25641,4.144,0.294,3.259,5.69
2020-08-01,GASOLINA,17042,4.237,0.3,3.37,5.69
2020-10-01,GASOLINA,2350,4.358,0.308,3.64,5.199
2020-11-01,GASOLINA,7996,4.406,0.31,3.59,5.499
2020-12-01,GASOLINA,10805,4.483,0.303,3.65,5.499
2021-01-01,GASOLINA,10748,4.622,0.294,3.099,5.95
2021-02-01,GASOLINA,11354,4.951,0.346,3.89,6.35
2021-03-01,GASOLINA,15378,5.484,0.358,4.279,6.7
2021-04-01,GASOLINA,13478,5.448,0.353,3.899,6.89
2021-05-01,GASOLINA,15498,5.604,0.341,4.199,6.997
2021-06-01,GASOLINA,18804,5.687,0.331,4.398,6.89
2021-07-01,GASOLINA,18134,5.807,0.354,4.549,6.999
2021-08-01,GASOLINA,20490,5.933,0.355,4.599,7.219
2021-09-01,GASOLINA,19641,6.078,0.349,5.049,7.236
2021-10-01,GASOLINA,18692,6.341,0.402,4.69,7.889
2021-11-01,GASOLINA,21514,6.744,0.372,5.259,7.999
2021-12-01,GASOLINA,20695,6.67,0.364,5.299,7.962
2022-01-01,GASOLINA,19920,6.635,0.368,5.489,8.029
2022-02-01,GASOLINA,20006,6.6,0.383,5.579,7.999
2022-03-01,GASOLINA,23030,7.012,0.505,5.19,8.949
2022-04-01,GASOLINA,20863,7.245,0.407,6.099,8.599
2022-05-01,GASOLINA,24261,7.28,0.426,6.18,8.99
2022-06-01,GASOLINA,24407,7.25,0.474,5.58,8.99
2022-07-01,GASOLINA,21917,6.05,0.491,4.92,8.52
2022-08-01,GASOLINA,26424,5.39,0.356,4.13,8.75
2022-09-01,GASOLINA,12154,5.0,0.349,4.15,7.09
2022-10-01,GASOLINA,8849,4.89,0.279,3.49,7.34
2022-11-01,GASOLINA,13443,5.04,0.293,4.09,7.54
2022-12-01,GASOLINA,13541,4.97,0.299,4.09,7.69
2023-01-01,GASOLINA,17732,5.05,0.324,4.09,8.19
2023-02-01,GASOLINA,16013,5.09,0.335,4.09,7.0
2023-03-01,GASOLINA,18512,5.52,0.355,4.23,7.19
2023-04-01,GASOLINA,17619,5.51,0.359,4.34,7.35
2023-05-01,GASOLINA,22262,5.39,0.386,4.09,7.35
2023-06-01,GASOLINA,18686,5.38,0.335,4.43,7.0
2023-07-01,GASOLINA,20770,5.61,0.359,4.58,7.39
2023-08-01,GASOLINA,21321,5.71,0.42,4.49,7.62
2023-09-01,GASOLINA,18534,5.83,0.386,4.74,7.62
2023-10-01,GASOLINA,21858,5.73,0.396,4.59,7.62
2023-11-01,GASOLINA,19956,5.63,0.405,4.49,7.7
2023-12-01,GASOLINA,18822,5.6,0.402,4.55,7.7
2024-01-01,GASOLINA,22735,5.57,0.395,4.55,7.99
2024-02-01,GASOLINA,19457,5.75,0.378,4.59,7.97
2024-03-01,GASOLINA,18955,5.74,0.375,4.59,7.97
2024-04-01,GASOLINA,22464,5.8,0.372,4.69,7.97
2024-05-01,GASOLINA,19892,5.86,0.376,4.59,7.97
2024-06-01,GASOLINA,19016,5.85,0.372,4.59,7.97
2024-07-01,GASOLINA,20530,6.04,0.402,4.59,7.99
2024-08-01,GASOLINA,17279,6.11,0.358,4.99,7.99
2024-09-01,GASOLINA,19177,6.08,0.359,4.99,7.99
2024-10-01,GASOLINA,18706,6.09,0.375,4.89,7.99
2024-11-01,GASOLINA,16172,6.1,0.378,4.89,7.99
2024-12-01,GASOLINA,18631,6.14,0.377,4.94,7.99
2025-01-01,GASOLINA,17793,6.18,0.371,5.04,8.29
2025-02-01,GASOLINA,17015,6.36,0.394,5.19,8.79
2025-03-01,GASOLINA,19844,6.34,0.396,5.19,8.79
2025-04-01,GASOLINA,19037,6.32,0.405,5.19,8.99
2025-05-01,GASOLINA,18007,6.28,0.412,5.15,8.99
2025-06-01,GASOLINA,19122,6.23,0.419,4.99,8.99
2025-07-01,GASOLINA,17232,6.21,0.429,4.99,8.99
2025-08-01,GASOLINA,14266,6.19,0.428,5.09,8.99
2025-09-01,GASOLINA,17103,6.19,0.429,4.99,9.19
2025-10-01,GASOLINA,16621,6.2,0.397,5.19,9.29
2025-11-01,GASOLINA,16435,6.17,0.36,5.09,9.29
2025-12-01,GASOLINA,19948,6.19,0.36,4.99,9.29
2026-01-01,GASOLINA,17221,6.32,0.362,5.09,9.29
2026-02-01,GASOLINA,17092,6.3,0.362,5.28,9.29
2026-03-01,GASOLINA,20349,6.59,0.434,5.29,9.54
2026-04-01,GASOLINA,18406,6.74,0.391,5.59,9.59
2026-05-01,GASOLINA,17465,6.64,0.401,5.49,9.69
2026-06-01,GASOLINA,20390,6.62,0.397,5.49,9.79
2026-07-01,GASOLINA,18876,6.57,0.413,5.39,9.79
2026-08-01,GASOLINA,19803,6.53,0.419,5.39,8.99
2019-01-01,GLP,21895,69.26,8.068,47.99,120.0
2019-02-01,GLP,17511,69.107,8.037,47.99,115.0
2019-03-01,GLP,17500,69.169,7.914,47.99,110.0
2019-04-01,GLP,20612,69.064,7.888,50.0,115.0
2019-05-01,GLP,18720,69.294,7.987,50.0,115.0
2019-06-01,GLP,17474,69.241,7.929,50.0,115.0
2019-07-01,GLP,21027,69.077,7.895,49.99,115.0
2019-08-01,GLP,18289,68.823,7.836,49.5,115.0
2019-09-01,GLP,17932,68.859,7.844,49.5,115.0
2019-10-01,GLP,21408,68.771,7.678,50.0,115.0
2019-11-01,GLP,17493,69.113,7.708,50.0,115.0
2019-12-01,GLP,18546,69.241,7.659,50.0,115.0
2020-01-01,GLP,20793,69.743,8.021,50.0,115.0
2020-02-01,GLP,17477,69.907,7.97,50.0,115.0
2020-03-01,GLP,19492,69.937,7.902,50.0,115.0
2020-04-01,GLP,19240,69.889,7.551,49.99,115.0
2020-05-01,GLP,17427,69.536,7.423,49.99,115.0
2020-06-01,GLP,19812,69.579,7.59,49.99,115.0
2020-07-01,GLP,19378,69.961,7.435,49.9,115.0
2020-08-01,GLP,12463,69.981,7.642,49.9,115.0
2020-10-01,GLP,1392,71.611,8.571,50.0,105.0
2020-11-01,GLP,4924,73.206,8.253,53.0,110.0
2020-12-01,GLP,7411,74.744,7.911,58.99,110.0
2021-01-01,GLP,7483,76.86,7.902,59.99,105.0
2021-02-01,GLP,7936,79.69,8.16,58.0,110.0
2021-03-01,GLP,10402,83.158,8.12,55.99,120.0
2021-04-01,GLP,9463,85.006,7.916,64.0,120.0
2021-05-01,GLP,11240,85.374,8.323,64.99,125.0
2021-06-01,GLP,13756,87.43,8.227,58.0,130.0
2021-07-01,GLP,13308,91.916,8.469,64.99,130.0
2021-08-01,GLP,15098,93.427,8.33,65.99,130.0
2021-09-01,GLP,14906,97.736,8.523,70.0,135.0
2021-10-01,GLP,14016,100.782,8.725,74.0,135.0
2021-11-01,GLP,16279,102.444,8.713,75.0,140.0
2021-12-01,GLP,15765,102.32,8.951,77.99,140.0
2022-01-01,GLP,15161,102.408,9.122,78.0,140.0
2022-02-01,GLP,15160,102.516,9.146,78.0,140.0
2022-03-01,GLP,17792,109.31,10.992,78.0,160.0
2022-04-01,GLP,15760,113.513,10.002,78.0,160.0
2022-05-01,GLP,18129,112.86,10.172,84.99,160.0
2022-06-01,GLP,18131,112.55,10.309,72.0,160.0
2022-07-01,GLP,16371,112.07,10.44,81.99,160.0
2022-08-01,GLP,19487,111.62,10.381,81.99,160.0
2022-09-01,GLP,8679,112.36,10.177,81.99,160.0
2022-10-01,GLP,4162,109.75,9.823,68.0,149.0
2022-11-01,GLP,7859,110.17,9.888,79.99,150.0
2022-12-01,GLP,10879,109.18,10.753,80.0,150.0
2023-01-01,GLP,16865,108.27,11.142,77.99,150.0
2023-02-01,GLP,15664,107.89,11.49,70.0,155.0
2023-03-01,GLP,17385,107.56,11.59,70.0,155.0
2023-04-01,GLP,15896,107.58,11.855,74.99,155.0
2023-05-01,GLP,21102,107.29,11.884,70.0,155.0
2023-06-01,GLP,18429,103.46,12.266,72.99,155.0
2023-07-01,GLP,20726,101.99,12.24,69.99,155.0
2023-08-01,GLP,21206,101.09,12.282,69.99,150.0
2023-09-01,GLP,18862,101.41,11.95,69.99,150.0
2023-10-01,GLP,21925,101.76,12.2,65.0,150.0
2023-11-01,GLP,20290,101.38,12.644,67.0,155.0
2023-12-01,GLP,18716,100.93,12.819,67.0,154.0
2024-01-01,GLP,22704,100.88,12.942,67.0,154.0
2024-02-01,GLP,19774,102.09,12.463,67.0,154.0
2024-03-01,GLP,19099,102.18,12.702,69.99,154.0
2024-04-01,GLP,21763,101.86,12.78,69.99,150.0
2024-05-01,GLP,20019,101.61,12.782,69.99,154.0
2024-06-01,GLP,18712,101.46,12.607,69.99,154.0
2024-07-01,GLP,7040,102.59,12.238,70.0,148.0
2024-08-01,GLP,5951,103.53,12.027,73.0,148.0
2024-09-01,GLP,6556,106.04,11.644,73.99,150.0
2024-10-01,GLP,6481,106.57,11.535,70.0,147.0
2024-11-01,GLP,5731,106.84,11.987,74.99,160.0
2024-12-01,GLP,6666,107.41,12.171,74.99,160.0
2025-01-01,GLP,7477,107.21,12.264,74.99,160.0
2025-02-01,GLP,10125,107.24,12.451,74.99,170.0
2025-03-01,GLP,14550,107.31,12.583,74.99,155.0
2025-04-01,GLP,14477,107.5,12.435,74.99,155.0
2025-05-01,GLP,13691,108.59,12.163,74.99,155.0
2025-06-01,GLP,11460,108.63,12.026,79.99,156.0
2025-07-01,GLP,6217,108.45,11.967,75.0,156.0
2025-08-01,GLP,5339,108.1,12.021,80.0,156.0
2025-09-01,GLP,8805,109.1,12.166,79.99,156.0
2025-10-01,GLP,9356,110.3,11.859,79.99,156.0
2025-11-01,GLP,9872,110.34,11.781,79.99,156.0
2025-12-01,GLP,13834,110.22,11.999,79.99,170.0
2026-01-01,GLP,12561,110.31,12.015,79.9,170.0
2026-02-01,GLP,12609,110.0,11.94,79.99,170.0
2026-03-01,GLP,14461,110.15,12.082,79.99,156.0
2026-04-01,GLP,13316,113.69,12.144,79.99,156.0
2026-05-01,GLP,12603,114.71,12.073,79.99,156.0
2026-06-01,GLP,14637,114.52,12.192,79.0,161.0
2026-07-01,GLP,13775,114.22,12.186,77.99,161.0
2026-08-01,GLP,14355,113.9,12.339,77.99,161.0
