ano_mes,periodo,item,variacao_pct,indice_relativo,indice_relativo_real,ipca_indice
2019-01-01,Bolsonaro,Arroz,0.19,100.0,149.17597074808526,5116.93
2019-02-01,Bolsonaro,Arroz,-1.23,98.77,146.71033213139697,5138.93
2019-03-01,Bolsonaro,Arroz,-0.41,98.365043,145.0212163815319,5177.47
2019-04-01,Bolsonaro,Arroz,-0.16,98.2076589312,143.96860529201263,5206.98
2019-05-01,Bolsonaro,Arroz,-0.4,97.8148282954752,143.20653690527357,5213.75
2019-06-01,Bolsonaro,Arroz,0.5,98.30390243695255,143.90821672042668,5214.27
2019-07-01,Bolsonaro,Arroz,0.48,98.77576116864992,144.32467936123442,5224.18
2019-08-01,Bolsonaro,Arroz,0.67,99.43755876847987,145.1319150960574,5229.93
2019-09-01,Bolsonaro,Arroz,0.63,100.0640153887213,146.10463292404685,5227.84
2019-10-01,Bolsonaro,Arroz,0.05,100.11404739641566,146.03159331095168,5233.07
2019-11-01,Bolsonaro,Arroz,0.69,100.80483432345092,146.2930790573705,5259.76
2019-12-01,Bolsonaro,Arroz,0.17,100.9762025418008,144.87563150757015,5320.25
2020-01-01,Bolsonaro,Arroz,1.31,102.2989907950984,146.46599320760114,5331.42
2020-02-01,Bolsonaro,Arroz,1.0,103.32198070304938,147.5617087351022,5344.75
2020-03-01,Bolsonaro,Arroz,1.6,104.97513239429816,149.81786071323467,5348.49
2020-04-01,Bolsonaro,Arroz,3.88,109.04816753119694,156.11474009204176,5331.91
2020-05-01,Bolsonaro,Arroz,2.01,111.240035698574,159.86007694321464,5311.65
2020-06-01,Bolsonaro,Arroz,2.74,114.28801267671491,163.8143347249403,5325.46
2020-07-01,Bolsonaro,Arroz,2.2,116.80234895560264,166.81775803346062,5344.63
2020-08-01,Bolsonaro,Arroz,3.08,120.3998613034352,171.54394681382982,5357.46
2020-09-01,Bolsonaro,Arroz,17.98,142.04775636579285,201.1004210736887,5391.75
2020-10-01,Bolsonaro,Arroz,13.36,161.02533661626276,226.0235945913947,5438.12
2020-11-01,Bolsonaro,Arroz,6.28,171.13772775576405,238.0987652714527,5486.52
2020-12-01,Bolsonaro,Arroz,3.84,177.7094165015854,243.9483668679756,5560.59
2021-01-01,Bolsonaro,Arroz,0.24,178.1359191011892,243.9240974081522,5574.49
2021-02-01,Bolsonaro,Arroz,-1.52,175.42825313085112,238.16823057752725,5622.43
2021-03-01,Bolsonaro,Arroz,-2.13,171.691631339164,230.9473790930736,5674.72
2021-04-01,Bolsonaro,Arroz,-0.5,170.83317318246816,229.0825521680322,5692.31
2021-05-01,Bolsonaro,Arroz,-1.14,168.88567500818803,224.60662507975366,5739.56
2021-06-01,Bolsonaro,Arroz,-1.06,167.09548685310122,221.05419483459175,5769.98
2021-07-01,Bolsonaro,Arroz,-2.35,163.16874291205335,213.80694161204747,5825.37
2021-08-01,Bolsonaro,Arroz,-2.09,159.75851618519144,207.5328662111944,5876.05
2021-09-01,Bolsonaro,Arroz,-0.97,158.20885857819508,203.16317989519817,5944.21
2021-10-01,Bolsonaro,Arroz,-1.42,155.96229278638472,197.8057778695749,6018.51
2021-11-01,Bolsonaro,Arroz,-3.58,150.37884270463215,188.92937156080697,6075.69
2021-12-01,Bolsonaro,Arroz,-1.77,147.71713718876015,184.240443380004,6120.04
2022-01-01,Bolsonaro,Arroz,-2.66,143.78786133953915,178.37636322771328,6153.09
2022-02-01,Bolsonaro,Arroz,0.14,143.9891643454145,176.83989821090552,6215.24
2022-03-01,Bolsonaro,Arroz,2.69,147.86247286630615,178.70183231246608,6315.93
2022-04-01,Bolsonaro,Arroz,2.22,151.14501976393814,180.7529985230312,6382.88
2022-05-01,Bolsonaro,Arroz,0.27,151.55311131730076,180.39317060362265,6412.88
2022-06-01,Bolsonaro,Arroz,-0.76,150.40130767128926,177.83061467594743,6455.85
2022-07-01,Bolsonaro,Arroz,-0.11,150.23586623285084,178.85119522213742,6411.95
2022-08-01,Bolsonaro,Arroz,-0.42,149.60487559467288,178.7434122991272,6388.87
2022-09-01,Bolsonaro,Arroz,-0.64,148.64740439086697,178.11605449920998,6370.34
2022-10-01,Bolsonaro,Arroz,0.04,148.70686335262332,177.14202410905625,6407.93
2022-11-01,Bolsonaro,Arroz,1.46,150.8779835575716,178.9944904465454,6434.2
2022-12-01,Bolsonaro,Arroz,3.77,156.56608353769207,184.59813284066442,6474.09
2023-01-01,Lula,Arroz,3.13,161.46660195242185,189.37245867206764,6508.4
2023-02-01,Lula,Arroz,1.91,164.5506140497131,191.38188129681558,6563.07
2023-03-01,Lula,Arroz,0.9,166.03156957616048,191.74287942300225,6609.67
2023-04-01,Lula,Arroz,0.36,166.62928322663467,191.26639943880284,6649.99
2023-05-01,Lula,Arroz,0.42,167.32912621618652,191.6291147719498,6665.28
2023-06-01,Lula,Arroz,-0.4,166.65980971132177,191.01534685436866,6659.95
2023-07-01,Lula,Arroz,-0.74,165.426527119458,189.37463888458208,6667.94
2023-08-01,Lula,Arroz,1.14,167.31238952861983,191.09388670256922,6683.28
2023-09-01,Lula,Arroz,3.2,172.66638599353567,196.69737571484544,6700.66
2023-10-01,Lula,Arroz,2.99,177.8291109347424,202.0936502619431,6716.74
2023-11-01,Lula,Arroz,3.63,184.28430766167355,208.8447871031046,6735.55
2023-12-01,Lula,Arroz,5.81,194.9912259368168,219.74805013792272,6773.27
2024-01-01,Lula,Arroz,6.39,207.4511652741794,232.8120619939992,6801.72
2024-02-01,Lula,Arroz,3.69,215.10611327279665,239.41582623605268,6858.17
2024-03-01,Lula,Arroz,-0.9,213.17015825334144,236.88217842177528,6869.14
2024-04-01,Lula,Arroz,-1.93,209.05597419905197,231.43100659809224,6895.24
2024-05-01,Lula,Arroz,1.47,212.129097019778,233.75769273162828,6926.96
2024-06-01,Lula,Arroz,2.25,216.902001702723,238.51624019230343,6941.51
2024-07-01,Lula,Arroz,-0.51,215.79580149403915,236.4014049932396,6967.89
2024-08-01,Lula,Arroz,-0.95,213.74574137984573,234.20231184567282,6966.5
2024-09-01,Lula,Arroz,0.12,214.0022362695016,233.45623431817918,6997.15
2024-10-01,Lula,Arroz,-0.03,213.9380355986208,232.0866462306998,7036.33
2024-11-01,Lula,Arroz,-0.18,213.55294713454325,230.76894670350381,7063.77
2024-12-01,Lula,Arroz,-1.17,211.05437765306908,226.88917782307394,7100.5
2025-01-01,Lula,Arroz,-0.54,209.9146840137425,225.3035160217186,7111.86
2025-02-01,Lula,Arroz,-1.61,206.53505760112125,218.80958132479768,7205.03
2025-03-01,Lula,Arroz,-1.81,202.79677305854096,213.65261891214078,7245.38
2025-04-01,Lula,Arroz,-4.19,194.2995882673881,203.8239941167471,7276.54
2025-05-01,Lula,Arroz,-4.0,186.52760473669252,195.16358232438577,7295.46
2025-06-01,Lula,Arroz,-3.23,180.5027631036974,188.40759724243858,7312.97
2025-07-01,Lula,Arroz,-2.89,175.28623325000052,182.4882411341686,7331.98
2025-08-01,Lula,Arroz,-2.61,170.7112625621755,177.92112829451412,7323.91
2025-09-01,Lula,Arroz,-2.14,167.05804154334496,173.28197547647483,7359.06
2025-10-01,Lula,Arroz,-2.49,162.89829630891566,168.8153927857447,7365.68
2025-11-01,Lula,Arroz,-2.86,158.23940503448068,163.69258642723062,7378.94
2025-12-01,Lula,Arroz,-2.04,155.01132117177727,159.82584325455917,7403.29
2026-01-01,Lula,Arroz,-1.55,152.60864569361473,156.83101847779275,7427.72
2026-02-01,Lula,Arroz,-2.36,149.00708165524543,152.06543113346225,7479.71
2026-03-01,Lula,Arroz,-0.3,148.5600604102797,150.2867406167041,7545.53
2026-04-01,Lula,Arroz,2.53,152.3186299386598,153.06337018211687,7596.09
2026-05-01,Lula,Arroz,1.74,154.9689740995925,154.8286122872237,7640.15
2026-06-01,Lula,Arroz,-0.49,154.20962612650447,153.823919182896,7652.37
2026-07-01,Lula,Arroz,-0.43,153.5465247341605,153.05527081740098,7657.73
2026-08-01,Lula,Arroz,1.34,155.60404816559827,155.60404816559827,7633.23
2019-01-01,Bolsonaro,Café moído,-0.26,100.0,149.17597074808526,5116.93
2019-02-01,Bolsonaro,Café moído,-0.86,99.14,147.25992029469168,5138.93
2019-03-01,Bolsonaro,Café moído,-0.69,98.455934,145.15521849220178,5177.47
2019-04-01,Bolsonaro,Café moído,-0.34,98.1211838244,143.84183615145918,5206.98
2019-05-01,Bolsonaro,Café moído,-1.16,96.98297809203696,141.98866034264768,5213.75
2019-06-01,Bolsonaro,Café moído,-0.33,96.66293426433324,141.50598448383693,5214.27
2019-07-01,Bolsonaro,Café moído,-1.74,94.98099920813384,138.78002147427986,5224.18
2019-08-01,Bolsonaro,Café moído,-0.44,94.56308281161807,138.0174802741389,5229.93
2019-09-01,Bolsonaro,Café moído,-1.67,92.98387932866405,135.76684389880683,5227.84
2019-10-01,Bolsonaro,Café moído,0.09,93.06756482005984,135.75322474406522,5233.07
2019-11-01,Bolsonaro,Café moído,-0.24,92.84420266449168,134.74020736776538,5259.76
2019-12-01,Bolsonaro,Café moído,0.0,92.84420266449168,133.20824267744518,5320.25
2020-01-01,Bolsonaro,Café moído,-0.23,92.63066099836335,132.62341748587374,5331.42
2020-02-01,Bolsonaro,Café moído,-0.44,92.22308608997058,131.71056222172152,5344.75
2020-03-01,Bolsonaro,Café moído,1.23,93.35743004887722,133.2373690091953,5348.49
2020-04-01,Bolsonaro,Café moído,1.3,94.5710766395126,135.38915310592765,5331.91
2020-05-01,Bolsonaro,Café moído,1.16,95.66810112853096,137.4820666981703,5311.65
2020-06-01,Bolsonaro,Café moído,0.47,96.11774120383504,137.77003783510713,5325.46
2020-07-01,Bolsonaro,Café moído,0.64,96.7328947475396,138.15445300680528,5344.63
2020-08-01,Bolsonaro,Café moído,-0.68,96.07511106325632,136.88640139569497,5357.46
2020-09-01,Bolsonaro,Café moído,0.58,96.6323467074232,136.804734614458,5391.75
2020-10-01,Bolsonaro,Café moído,-0.08,96.55504083005728,135.52971142880594,5438.12
2020-11-01,Bolsonaro,Café moído,1.59,98.09026597925518,136.47003218448668,5486.52
2020-12-01,Bolsonaro,Café moído,1.95,100.00302616585066,137.2778966656337,5560.59
2021-01-01,Bolsonaro,Café moído,0.32,100.3230358495814,137.37378790492048,5574.49
2021-02-01,Bolsonaro,Café moído,-0.23,100.09229286712736,135.8891960739649,5622.43
2021-03-01,Bolsonaro,Café moído,0.7,100.79293891719723,135.57949733747523,5674.72
2021-04-01,Bolsonaro,Café moído,0.74,101.5388066651845,136.16072652418546,5692.31
2021-05-01,Bolsonaro,Café moído,1.57,103.13296592982788,137.15993029509926,5739.56
2021-06-01,Bolsonaro,Café moído,3.41,106.64980006803502,141.08930245396465,5769.98
2021-07-01,Bolsonaro,Café moído,2.68,109.50801470985836,143.49300784735254,5825.37
2021-08-01,Bolsonaro,Café moído,7.51,117.73206661456872,152.9387841907956,5876.05
2021-09-01,Bolsonaro,Café moído,5.5,124.20733027836998,159.5002733249266,5944.21
2021-10-01,Bolsonaro,Café moído,4.57,129.8836052720915,164.73037882650138,6018.51
2021-11-01,Bolsonaro,Café moído,6.87,138.80660895428417,174.39052546593237,6075.69
2021-12-01,Bolsonaro,Café moído,8.24,150.2442735321172,187.39241835895893,6120.04
2022-01-01,Bolsonaro,Café moído,4.75,157.38087652489278,195.2392095867454,6153.09
2022-02-01,Bolsonaro,Café moído,2.51,161.33113652566755,198.13839389336877,6215.24
2022-03-01,Bolsonaro,Café moído,2.87,165.96134014395423,200.5755415951468,6315.93
2022-04-01,Bolsonaro,Café moído,2.5,170.11037364755308,203.4334982700147,6382.88
2022-05-01,Bolsonaro,Café moído,1.25,172.2367533181475,205.01284173891963,6412.88
2022-06-01,Bolsonaro,Café moído,0.21,172.5984505001156,204.07594202328082,6455.85
2022-07-01,Bolsonaro,Café moído,0.33,173.168025386766,206.15122800755213,6411.95
2022-08-01,Bolsonaro,Café moído,-0.5,172.3021852598322,205.86147622207196,6388.87
2022-09-01,Bolsonaro,Café moído,-0.76,170.99268865185746,204.89118646697315,6370.34
2022-10-01,Bolsonaro,Café moído,0.22,171.36887256689155,204.13737652311644,6407.93
2022-11-01,Bolsonaro,Café moído,-0.16,171.0946823707845,202.97862396461775,6434.2
2022-12-01,Bolsonaro,Café moído,-0.31,170.56428885543508,201.1026177609475,6474.09
2023-01-01,Lula,Café moído,0.17,170.85424814648934,200.3825475661033,6508.4
2023-02-01,Lula,Café moído,-0.92,169.28238906354164,196.88520931081004,6563.07
2023-03-01,Lula,Café moído,-1.41,166.8955073777457,192.7406048684775,6609.67
2023-04-01,Lula,Café moído,-0.61,165.87744478274146,190.40339727412604,6649.99
2023-05-01,Lula,Café moído,-0.7,164.71630266926226,188.63684991839696,6665.28
2023-06-01,Lula,Café moído,0.01,164.73277429952918,188.80669596114012,6659.95
2023-07-01,Lula,Café moído,-1.58,162.1299964655966,185.60088316947753,6667.94
2023-08-01,Lula,Café moído,-1.5,159.69804651861264,182.39725398715444,6683.28
2023-09-01,Lula,Café moído,-1.08,157.97330761621163,179.95937577720628,6700.66
2023-10-01,Lula,Café moído,-1.23,156.03023593253224,177.32034853623676,6716.74
2023-11-01,Lula,Café moído,-0.37,155.45292405958187,176.17090267599855,6735.55
2023-12-01,Lula,Café moído,-0.23,155.09538233424485,174.7868792023982,6773.27
2024-01-01,Lula,Café moído,0.8,156.3361453929188,175.44823296130824,6801.72
2024-02-01,Lula,Café moído,0.21,156.66445129824393,174.36951688034773,6858.17
2024-03-01,Lula,Café moído,1.08,158.35642737226496,175.97123251393828,6869.14
2024-04-01,Lula,Café moído,3.08,163.23380533533071,180.7045410891871,6895.24
2024-05-01,Lula,Café moído,3.42,168.81640147779902,186.0288525200636,6926.96
2024-06-01,Lula,Café moído,3.03,173.93153844257634,191.2637793774016,6941.51
2024-07-01,Lula,Café moído,3.27,179.61909974964857,196.7703136504752,6967.89
2024-08-01,Lula,Café moído,3.7,186.26500644038555,204.0915287606322,6966.5
2024-09-01,Lula,Café moído,4.02,193.75285969928905,211.36607636572091,6997.15
2024-10-01,Lula,Café moído,4.01,201.52234937323053,218.61772300421163,7036.33
2024-11-01,Lula,Café moído,2.33,206.21782011362689,222.84248369156128,7063.77
2024-12-01,Lula,Café moído,4.99,216.50808933729684,232.7520657379247,7100.5
2025-01-01,Lula,Café moído,8.56,235.04118178456943,252.27203573093803,7111.86
2025-02-01,Lula,Café moído,10.77,260.35511706276753,275.8282047704214,7205.03
2025-03-01,Lula,Café moído,8.14,281.5480235916768,296.6194761517953,7245.38
2025-04-01,Lula,Café moído,4.48,294.16137504858386,308.58092346941015,7276.54
2025-05-01,Lula,Café moído,4.59,307.6633821633139,321.9077835572359,7295.46
2025-06-01,Lula,Café moído,0.56,309.38629710342843,322.935382565333,7312.97
2025-07-01,Lula,Café moído,-1.01,306.26149550268383,318.8449007384023,7331.98
2025-08-01,Lula,Café moído,-2.17,299.6156210502756,312.26966839701674,7323.91
2025-09-01,Lula,Café moído,-0.06,299.4358516776454,310.59166878668645,7359.06
2025-10-01,Lula,Café moído,-0.31,298.5076005374447,309.3505517006493,7365.68
2025-11-01,Lula,Café moído,-1.36,294.44789717013543,304.5950396826635,7378.94
2025-12-01,Lula,Café moído,-0.26,293.68233263749306,302.803860440222,7403.29
2026-01-01,Lula,Café moído,-1.18,290.21688111237063,298.24659564622533,7427.72
2026-02-01,Lula,Café moído,-1.2,286.73427853902217,292.61945944059596,7479.71
2026-03-01,Lula,Café moído,-1.28,283.06407977372265,286.3540699793352,7545.53
2026-04-01,Lula,Café moído,-2.3,276.55360593892703,277.90577540039624,7596.09
2026-05-01,Lula,Café moído,-2.38,269.97163011758056,269.7271056409127,7640.15
2026-06-01,Lula,Café moído,-3.72,259.92868547720656,259.27855551223706,7652.37
2026-07-01,Lula,Café moído,-2.45,253.560432683015,252.7491961154246,7657.73
2026-08-01,Lula,Café moído,-1.86,248.84420863511093,248.84420863511093,7633.23
2019-01-01,Bolsonaro,Carne bovina (patinho),-0.33,100.0,149.17597074808526,5116.93
2019-02-01,Bolsonaro,Carne bovina (patinho),-1.43,98.57,146.41325744853498,5138.93
2019-03-01,Bolsonaro,Carne bovina (patinho),0.55,99.112135,146.12266652362058,5177.47
2019-04-01,Bolsonaro,Carne bovina (patinho),0.11,99.22115834850004,145.45435598763987,5206.98
2019-05-01,Bolsonaro,Carne bovina (patinho),1.45,100.65986514455328,147.3718345561944,5213.75
2019-06-01,Bolsonaro,Carne bovina (patinho),-0.51,100.14649983231604,146.60561630200002,5214.27
2019-07-01,Bolsonaro,Carne bovina (patinho),1.53,101.67874127975048,148.56632395875135,5224.18
2019-08-01,Bolsonaro,Carne bovina (patinho),-0.08,101.59739828672669,148.28426164866272,5229.93
2019-09-01,Bolsonaro,Carne bovina (patinho),-0.58,101.00813337666366,147.4831505812631,5227.84
2019-10-01,Bolsonaro,Carne bovina (patinho),0.89,101.90710576371596,148.647042162396,5233.07
2019-11-01,Bolsonaro,Carne bovina (patinho),10.22,112.32201197276774,163.007390346877,5259.76
2019-12-01,Bolsonaro,Carne bovina (patinho),19.57,134.30342971583838,192.69187891731195,5320.25
2020-01-01,Bolsonaro,Carne bovina (patinho),-8.32,123.12938436348064,176.28978970046464,5331.42
2020-02-01,Bolsonaro,Carne bovina (patinho),-4.22,117.93332434334174,168.42924166281423,5344.75
2020-03-01,Bolsonaro,Carne bovina (patinho),1.57,119.7848775355322,170.95395536881446,5348.49
2020-04-01,Bolsonaro,Carne bovina (patinho),-2.35,116.9699329134472,167.4556399138231,5331.91
2020-05-01,Bolsonaro,Carne bovina (patinho),1.32,118.5139360279047,170.3132043538793,5311.65
2020-06-01,Bolsonaro,Carne bovina (patinho),2.14,121.05013425890188,173.50679872331733,5325.46
2020-07-01,Bolsonaro,Carne bovina (patinho),0.81,122.03064034639898,174.2848325910948,5344.63
2020-08-01,Bolsonaro,Carne bovina (patinho),2.46,125.0325940989204,178.14459618059718,5357.46
2020-09-01,Bolsonaro,Carne bovina (patinho),3.82,129.80883919349915,183.77349201965848,5391.75
2020-10-01,Bolsonaro,Carne bovina (patinho),2.54,133.10598370901403,186.834528849521,5438.12
2020-11-01,Bolsonaro,Carne bovina (patinho),8.27,144.1138485617495,200.50125621650938,5486.52
2020-12-01,Bolsonaro,Carne bovina (patinho),4.37,150.41162374389796,206.47566512018224,5560.59
2021-01-01,Bolsonaro,Carne bovina (patinho),-0.98,148.93758983120776,203.94240169545017,5574.49
2021-02-01,Bolsonaro,Carne bovina (patinho),2.52,152.69081709495418,207.29900163696428,5622.43
2021-03-01,Bolsonaro,Carne bovina (patinho),2.21,156.06528415275267,209.9279275370972,5674.72
2021-04-01,Bolsonaro,Carne bovina (patinho),2.56,160.06055542706315,214.63677022202256,5692.31
2021-05-01,Bolsonaro,Carne bovina (patinho),2.89,164.68630547890527,219.02174514609897,5739.56
2021-06-01,Bolsonaro,Carne bovina (patinho),2.24,168.37527872163275,222.747258880677,5769.98
2021-07-01,Bolsonaro,Carne bovina (patinho),0.8,169.72228095140582,222.3943211549995,5825.37
2021-08-01,Bolsonaro,Carne bovina (patinho),0.26,170.16355888187945,221.04944351459375,5876.05
2021-09-01,Bolsonaro,Carne bovina (patinho),-1.95,166.84536948368282,214.2537157509462,5944.21
2021-10-01,Bolsonaro,Carne bovina (patinho),0.51,167.69628086804963,212.6879048153816,6018.51
2021-11-01,Bolsonaro,Carne bovina (patinho),0.33,168.2496785949142,211.38150467536312,6075.69
2021-12-01,Bolsonaro,Carne bovina (patinho),-0.54,167.34113033050167,208.71650124389632,6120.04
2022-01-01,Bolsonaro,Carne bovina (patinho),2.34,171.2569127802354,212.45315838732674,6153.09
2022-02-01,Bolsonaro,Carne bovina (patinho),0.14,171.49667245812776,210.62316903410883,6215.24
2022-03-01,Bolsonaro,Carne bovina (patinho),2.05,175.01235424351938,211.51430633054187,6315.93
2022-04-01,Bolsonaro,Carne bovina (patinho),1.85,178.25008279702448,213.16770478353519,6382.88
2022-05-01,Bolsonaro,Carne bovina (patinho),0.16,178.53528292949972,212.50996084691198,6412.88
2022-06-01,Bolsonaro,Carne bovina (patinho),-1.07,176.62495540215406,208.83677723682928,6455.85
2022-07-01,Bolsonaro,Carne bovina (patinho),-0.93,174.98234331691404,208.3111179090554,6411.95
2022-08-01,Bolsonaro,Carne bovina (patinho),-0.56,174.00244219433932,207.89289214385278,6388.87
2022-09-01,Bolsonaro,Carne bovina (patinho),-0.03,173.95024146168103,208.4350602373731,6370.34
2022-10-01,Bolsonaro,Carne bovina (patinho),-2.19,170.14073117367022,202.67439460430978,6407.93
2022-11-01,Bolsonaro,Carne bovina (patinho),1.74,173.1011798960921,205.35903755218166,6434.2
2022-12-01,Bolsonaro,Carne bovina (patinho),-0.74,171.82023116486104,202.58342765308362,6474.09
2023-01-01,Lula,Carne bovina (patinho),0.29,172.31850983523913,202.0998738291504,6508.4
2023-02-01,Lula,Carne bovina (patinho),-0.73,171.0605847134419,198.95335369761196,6563.07
2023-03-01,Lula,Carne bovina (patinho),-2.01,167.62226696070172,193.57990895648905,6609.67
2023-04-01,Lula,Carne bovina (patinho),0.69,168.77886060273056,193.7338044295677,6649.99
2023-05-01,Lula,Carne bovina (patinho),-0.7,167.59740857851145,191.93635782499024,6665.28
2023-06-01,Lula,Carne bovina (patinho),-2.72,163.03875906517592,186.86511863588657,6659.95
2023-07-01,Lula,Carne bovina (patinho),-2.66,158.70192807404226,181.67654754431226,6667.94
2023-08-01,Lula,Carne bovina (patinho),-1.29,156.6546732018871,178.9213007871645,6683.28
2023-09-01,Lula,Carne bovina (patinho),-2.72,152.3936660907958,173.6031829423139,6700.66
2023-10-01,Lula,Carne bovina (patinho),1.7,154.9843584143393,176.13176245903327,6716.74
2023-11-01,Lula,Carne bovina (patinho),1.02,156.56519887016557,177.43141584157402,6735.55
2023-12-01,Lula,Carne bovina (patinho),0.86,157.911659580449,177.9607216690418,6773.27
2024-01-01,Lula,Carne bovina (patinho),-1.18,156.0483019973997,175.1252007221131,6801.72
2024-02-01,Lula,Carne bovina (patinho),0.62,157.01580146978358,174.76057406760054,6858.17
2024-03-01,Lula,Carne bovina (patinho),-0.15,156.78027776757892,174.21975962985417,6869.14
2024-04-01,Lula,Carne bovina (patinho),-1.0,155.21247498990314,171.82469652501993,6895.24
2024-05-01,Lula,Carne bovina (patinho),-0.09,155.07278376241223,170.8839411803674,6926.96
2024-06-01,Lula,Carne bovina (patinho),0.03,155.11930559754094,170.57691151728045,6941.51
2024-07-01,Lula,Carne bovina (patinho),-0.82,153.8473272916411,168.5376827278234,6967.89
2024-08-01,Lula,Carne bovina (patinho),2.17,157.18581429386973,172.22930786512526,6966.5
2024-09-01,Lula,Carne bovina (patinho),3.15,162.13716744412665,176.87634117455403,6997.15
2024-10-01,Lula,Carne bovina (patinho),6.58,172.8057930619502,187.46510805693737,7036.33
2024-11-01,Lula,Carne bovina (patinho),8.39,187.30419909984784,202.4041031481675,7063.77
2024-12-01,Lula,Carne bovina (patinho),4.65,196.0138443579908,210.72019677047336,7100.5
2025-01-01,Lula,Carne bovina (patinho),-0.26,195.50420836266,209.83660932584544,7111.86
2025-02-01,Lula,Carne bovina (patinho),0.2,195.8952167793853,207.5374072803177,7205.03
2025-03-01,Lula,Carne bovina (patinho),-1.96,192.05567053050936,202.33653803714915,7245.38
2025-04-01,Lula,Carne bovina (patinho),0.26,192.55501527388867,201.99390359141918,7276.54
2025-05-01,Lula,Carne bovina (patinho),1.36,195.1737634816136,204.21004660717176,7295.46
2025-06-01,Lula,Carne bovina (patinho),-0.25,194.68582907290957,203.21178824119414,7312.97
2025-07-01,Lula,Carne bovina (patinho),-1.14,192.4664106214784,200.3743026506056,7331.98
2025-08-01,Lula,Carne bovina (patinho),-0.25,191.9852445949247,200.09360145049803,7323.91
2025-09-01,Lula,Carne bovina (patinho),0.73,193.38673688046765,200.5915757662109,7359.06
2025-10-01,Lula,Carne bovina (patinho),0.41,194.1796225016776,201.23297779274694,7365.68
2025-11-01,Lula,Carne bovina (patinho),2.24,198.52924604571515,205.37087939372518,7378.94
2025-12-01,Lula,Carne bovina (patinho),0.68,199.879244918826,206.0873272142156,7403.29
2026-01-01,Lula,Carne bovina (patinho),1.18,202.2378200088681,207.83333173925408,7427.72
2026-02-01,Lula,Carne bovina (patinho),-0.21,201.81312058684952,205.9553066171225,7479.71
2026-03-01,Lula,Carne bovina (patinho),1.57,204.98158658006307,207.36404150941482,7545.53
2026-04-01,Lula,Carne bovina (patinho),2.32,209.73715938872056,210.76263935271479,7596.09
2026-05-01,Lula,Carne bovina (patinho),0.93,211.6877149710357,211.49598064807088,7640.15
2026-06-01,Lula,Carne bovina (patinho),0.32,212.365115658943,211.83395102449484,7652.37
2026-07-01,Lula,Carne bovina (patinho),0.49,213.40570472567185,212.72293845345033,7657.73
2026-08-01,Lula,Carne bovina (patinho),0.04,213.4910670075621,213.4910670075621,7633.23
2019-01-01,Bolsonaro,Feijão carioca,19.76,100.0,149.17597074808526,5116.93
2019-02-01,Bolsonaro,Feijão carioca,51.58,151.58,225.15290214110718,5138.93
2019-03-01,Bolsonaro,Feijão carioca,12.93,171.179294,252.37247581147162,5177.47
2019-04-01,Bolsonaro,Feijão carioca,-9.09,155.6190961754,228.13153757052044,5206.98
2019-05-01,Bolsonaro,Feijão carioca,-13.04,135.32636603412783,198.12558657447818,5213.75
2019-06-01,Bolsonaro,Feijão carioca,-14.8,115.29806386107693,168.78616565814355,5214.27
2019-07-01,Bolsonaro,Feijão carioca,-8.86,105.0826554029855,153.53990055888787,5224.18
2019-08-01,Bolsonaro,Feijão carioca,-3.21,101.70950216454966,148.44788041283635,5229.93
2019-09-01,Bolsonaro,Feijão carioca,-2.9,98.75992660177772,144.20051771563163,5227.84
2019-10-01,Bolsonaro,Feijão carioca,0.24,98.996950425622,144.40213715799152,5233.07
2019-11-01,Bolsonaro,Feijão carioca,6.66,105.5901473239684,153.23776755170107,5259.76
2019-12-01,Bolsonaro,Feijão carioca,23.35,130.24544672411503,186.8696868188368,5320.25
2020-01-01,Bolsonaro,Feijão carioca,-0.7,129.33372859704622,185.17282396412793,5331.42
2020-02-01,Bolsonaro,Feijão carioca,-3.44,124.88464833330782,178.3569379666505,5344.75
2020-03-01,Bolsonaro,Feijão carioca,-1.29,123.27363636980814,175.93302396510242,5348.49
2020-04-01,Bolsonaro,Feijão carioca,17.29,144.58764809814798,206.99351134813344,5331.91
2020-05-01,Bolsonaro,Feijão carioca,8.66,157.1089384234476,225.7770489475046,5311.65
2020-06-01,Bolsonaro,Feijão carioca,4.96,164.9015417692506,236.36106471164868,5325.46
2020-07-01,Bolsonaro,Feijão carioca,-5.95,155.0899000339802,221.5002493411852,5344.63
2020-08-01,Bolsonaro,Feijão carioca,-5.85,146.01714088199236,208.04306897198495,5357.46
2020-09-01,Bolsonaro,Feijão carioca,-0.41,145.41847060437618,205.8724221952877,5391.75
2020-10-01,Bolsonaro,Feijão carioca,0.38,145.9710607926728,204.8926247259078,5438.12
2020-11-01,Bolsonaro,Feijão carioca,0.81,147.15342638509344,204.7301292778458,5486.52
2020-12-01,Bolsonaro,Feijão carioca,2.86,151.36201437970712,207.78030191465504,5560.59
2021-01-01,Bolsonaro,Feijão carioca,1.27,153.28431196232938,209.89443134712081,5574.49
2021-02-01,Bolsonaro,Feijão carioca,-1.52,150.95439042050197,204.94156113806451,5622.43
2021-03-01,Bolsonaro,Feijão carioca,0.18,151.22610832325887,203.41861216700545,5674.72
2021-04-01,Bolsonaro,Feijão carioca,0.64,152.19395541652773,204.0878775583378,5692.31
2021-05-01,Bolsonaro,Feijão carioca,-1.38,150.09367883177964,199.61453004570126,5739.56
2021-06-01,Bolsonaro,Feijão carioca,0.78,151.26440952666752,200.11092390809748,5769.98
2021-07-01,Bolsonaro,Feijão carioca,-0.9,149.9030298409275,196.42431372988548,5825.37
2021-08-01,Bolsonaro,Feijão carioca,-0.84,148.64384439026372,193.0944515984535,5876.05
2021-09-01,Bolsonaro,Feijão carioca,-0.31,148.1830484726539,190.28858184568105,5944.21
2021-10-01,Bolsonaro,Feijão carioca,-1.47,146.00475766010587,185.17671256072512,6018.51
2021-11-01,Bolsonaro,Feijão carioca,-2.16,142.85105489464758,179.47178966561341,6075.69
2021-12-01,Bolsonaro,Feijão carioca,-2.65,139.06550193993942,173.4496770238436,6120.04
2022-01-01,Bolsonaro,Feijão carioca,0.24,139.39925914459528,172.932072646475,6153.09
2022-02-01,Bolsonaro,Feijão carioca,4.77,146.04860380579248,179.36919314917677,6215.24
2022-03-01,Bolsonaro,Feijão carioca,6.43,155.43952903050493,187.85921886112118,6315.93
2022-04-01,Bolsonaro,Feijão carioca,7.1,166.47573559167077,199.0868666167011,6382.88
2022-05-01,Bolsonaro,Feijão carioca,7.31,178.6451118634219,212.6406898662111,6412.88
2022-06-01,Bolsonaro,Feijão carioca,9.74,196.0451457589192,231.7987078326409,6455.85
2022-07-01,Bolsonaro,Feijão carioca,-1.69,192.73198279559344,229.44151982389255,6411.95
2022-08-01,Bolsonaro,Feijão carioca,-5.39,182.34372892291097,217.8588110145036,6388.87
2022-09-01,Bolsonaro,Feijão carioca,-4.78,173.62769868039584,208.0485748638468,6370.34
2022-10-01,Bolsonaro,Feijão carioca,-3.55,167.4639153772418,199.48572827340863,6407.93
2022-11-01,Bolsonaro,Feijão carioca,-1.18,165.48784117579032,196.32693324706693,6434.2
2022-12-01,Bolsonaro,Feijão carioca,7.37,177.6842950704461,209.49741070337006,6474.09
2023-01-01,Lula,Feijão carioca,5.69,187.79453145995447,220.25057638990663,6508.4
2023-02-01,Lula,Feijão carioca,1.23,190.1044041969119,221.10241719926708,6563.07
2023-03-01,Lula,Feijão carioca,0.28,190.63669652866324,220.15830609447792,6609.67
2023-04-01,Lula,Feijão carioca,4.41,199.0437748455773,228.47356363911913,6649.99
2023-05-01,Lula,Feijão carioca,-0.03,198.9840617131236,227.8810656702294,6665.28
2023-06-01,Lula,Feijão carioca,-6.44,186.16948813879847,213.37615476778663,6659.95
2023-07-01,Lula,Feijão carioca,-9.24,168.9674274347735,193.42814064282763,6667.94
2023-08-01,Lula,Feijão carioca,-8.27,154.99382118591774,177.02437810341374,6683.28
2023-09-01,Lula,Feijão carioca,-7.55,143.29178768638096,163.23454294372698,6700.66
2023-10-01,Lula,Feijão carioca,-4.67,136.60006120142697,155.2389529987119,6716.74
2023-11-01,Lula,Feijão carioca,-1.44,134.63302032012643,152.5762275832261,6735.55
2023-12-01,Lula,Feijão carioca,13.79,153.19891382227186,172.6496278688994,6773.27
2024-01-01,Lula,Feijão carioca,9.7,168.05920846303223,188.6044400263862,6801.72
2024-02-01,Lula,Feijão carioca,5.07,176.57981033210797,196.53556351349653,6858.17
2024-03-01,Lula,Feijão carioca,0.78,177.9571328526984,197.75222592714707,6869.14
2024-04-01,Lula,Feijão carioca,-3.94,170.9456218183021,189.24174486052962,6895.24
2024-05-01,Lula,Feijão carioca,-6.08,160.55212801174935,176.92195712161256,6926.96
2024-06-01,Lula,Feijão carioca,-4.29,153.6644417200453,168.97707076280253,6941.51
2024-07-01,Lula,Feijão carioca,-1.82,150.86774888074046,165.27359455860156,6967.89
2024-08-01,Lula,Feijão carioca,-4.1,144.6821711766301,158.52900157763415,6966.5
2024-09-01,Lula,Feijão carioca,-1.42,142.62768434592195,155.593337141525,6997.15
2024-10-01,Lula,Feijão carioca,-0.48,141.94307146106152,153.984266139979,7036.33
2024-11-01,Lula,Feijão carioca,-0.51,141.2191617966101,152.6038280409382,7063.77
2024-12-01,Lula,Feijão carioca,-0.82,140.0611646698779,150.5695491856985,7100.5
2025-01-01,Lula,Feijão carioca,-1.35,138.17033894683456,148.29959762413012,7111.86
2025-02-01,Lula,Feijão carioca,-3.33,133.56926665990497,141.50738211310522,7205.03
2025-03-01,Lula,Feijão carioca,0.74,134.55767923318828,141.76064110552514,7245.38
2025-04-01,Lula,Feijão carioca,2.38,137.76015199893817,144.5130412315269,7276.54
2025-05-01,Lula,Feijão carioca,1.19,139.39949780772554,145.85350733892923,7295.46
2025-06-01,Lula,Feijão carioca,-0.49,138.7164402684677,144.7913082305104,7312.97
2025-07-01,Lula,Feijão carioca,-2.29,135.53983378631978,141.10877627226884,7331.98
2025-08-01,Lula,Feijão carioca,-2.3,132.42241760923443,138.01518188608767,7323.91
2025-09-01,Lula,Feijão carioca,-0.63,131.58815637829625,136.49062012152396,7359.06
2025-10-01,Lula,Feijão carioca,1.64,133.7462021429003,138.60438175202435,7365.68
2025-11-01,Lula,Feijão carioca,0.83,134.85629562068638,139.50365789946687,7378.94
2025-12-01,Lula,Feijão carioca,-0.51,134.16852851302087,138.33569087546837,7403.29
2026-01-01,Lula,Feijão carioca,-0.64,133.30984993053755,136.9982640413582,7427.72
2026-02-01,Lula,Feijão carioca,11.73,148.9470953273896,152.00421359463002,7479.71
2026-03-01,Lula,Feijão carioca,15.4,171.8849480078076,173.8827281425741,7545.53
2026-04-01,Lula,Feijão carioca,3.47,177.8493557036785,178.7189247939387,7596.09
2026-05-01,Lula,Feijão carioca,6.44,189.3028542109954,189.13139478269358,7640.15
2026-06-01,Lula,Feijão carioca,8.31,205.03392139592916,204.52109344125392,7652.37
2026-07-01,Lula,Feijão carioca,-2.17,200.58468530163745,199.94293836228465,7657.73
2026-08-01,Lula,Feijão carioca,-4.82,190.9165034700985,190.9165034700985,7633.23
2019-01-01,Bolsonaro,Leite longa vida,2.1,100.0,149.17597074808526,5116.93
2019-02-01,Bolsonaro,Leite longa vida,2.41,102.41,152.1170913594853,5138.93
2019-03-01,Bolsonaro,Leite longa vida,0.52,102.942532,151.7698844297234,5177.47
2019-04-01,Bolsonaro,Leite longa vida,-0.3,102.633704404,150.45701567275944,5206.98
2019-05-01,Bolsonaro,Leite longa vida,2.37,105.0661231983748,153.82284988377472,5213.75
2019-06-01,Bolsonaro,Leite longa vida,0.72,105.82259928540311,154.91492376561197,5214.27
2019-07-01,Bolsonaro,Leite longa vida,-0.75,105.0289297907626,153.46140020955303,5224.18
2019-08-01,Bolsonaro,Leite longa vida,-0.33,104.68233432245307,152.78681259982034,5229.93
2019-09-01,Bolsonaro,Leite longa vida,1.58,106.33631520474783,155.26289085173556,5227.84
2019-10-01,Bolsonaro,Leite longa vida,-1.55,104.68810231907426,152.70354940121712,5233.07
2019-11-01,Bolsonaro,Leite longa vida,-1.09,103.54700200379636,150.27265162392172,5259.76
2019-12-01,Bolsonaro,Leite longa vida,0.3,103.85764300980772,149.00977892989135,5320.25
2020-01-01,Bolsonaro,Leite longa vida,-0.38,103.46298396637046,148.13253375303725,5331.42
2020-02-01,Bolsonaro,Leite longa vida,0.85,104.3424193300846,149.01907208063645,5344.75
2020-03-01,Bolsonaro,Leite longa vida,1.75,106.16841166836107,151.5208787899545,5348.49
2020-04-01,Bolsonaro,Leite longa vida,9.59,116.34996234735692,166.56808218606753,5331.91
2020-05-01,Bolsonaro,Leite longa vida,-1.4,114.72106287449392,164.86256789612892,5311.65
2020-06-01,Bolsonaro,Leite longa vida,2.33,117.39406363946964,168.26638232090914,5325.46
2020-07-01,Bolsonaro,Leite longa vida,3.79,121.84329865140556,174.01727015057514,5344.63
2020-08-01,Bolsonaro,Leite longa vida,4.84,127.7405143061336,182.00280095735818,5357.46
2020-09-01,Bolsonaro,Leite longa vida,6.01,135.41771921593224,191.71411820849085,5391.75
2020-10-01,Bolsonaro,Leite longa vida,-0.71,134.4562534094991,188.72983810820483,5438.12
2020-11-01,Bolsonaro,Leite longa vida,-3.47,129.7906214161895,180.57378176197298,5486.52
2020-12-01,Bolsonaro,Leite longa vida,1.57,131.8283341724237,180.96568803939323,5560.59
2021-01-01,Bolsonaro,Leite longa vida,-1.35,130.048651661096,178.07750472581844,5574.49
2021-02-01,Bolsonaro,Leite longa vida,-3.3,125.7570461562798,170.73266495652229,5622.43
2021-03-01,Bolsonaro,Leite longa vida,-2.27,122.90236120853226,165.31952072486476,5674.72
2021-04-01,Bolsonaro,Leite longa vida,2.4,125.85201787753704,168.76406914299326,5692.31
2021-05-01,Bolsonaro,Leite longa vida,-0.14,125.67582505250849,167.1404215768385,5739.56
2021-06-01,Bolsonaro,Leite longa vida,4.03,130.74056080212458,172.95948528965462,5769.98
2021-07-01,Bolsonaro,Leite longa vida,3.71,135.59103560788338,177.67069915441655,5825.37
2021-08-01,Bolsonaro,Leite longa vida,1.67,137.85540590253504,179.0798274346555,5876.05
2021-09-01,Bolsonaro,Leite longa vida,1.35,139.71645388221927,179.4162432463477,5944.21
2021-10-01,Bolsonaro,Leite longa vida,-1.71,137.3273025208333,174.17116286607487,6018.51
2021-11-01,Bolsonaro,Leite longa vida,-4.83,130.69439380907707,164.19869474171023,6075.69
2021-12-01,Bolsonaro,Leite longa vida,-2.89,126.91732582799474,158.29784430004122,6120.04
2022-01-01,Bolsonaro,Leite longa vida,0.4,127.42499513130672,158.07737178980713,6153.09
2022-02-01,Bolsonaro,Leite longa vida,1.04,128.75021508067232,158.12422436788287,6215.24
2022-03-01,Bolsonaro,Leite longa vida,9.34,140.77548516920712,170.13672676203612,6315.93
2022-04-01,Bolsonaro,Leite longa vida,10.31,155.28943769015237,185.70927143540246,6382.88
2022-05-01,Bolsonaro,Leite longa vida,4.65,162.51039654274445,193.43559121673462,6412.88
2022-06-01,Bolsonaro,Leite longa vida,10.72,179.93151105212664,212.74636308285113,6455.85
2022-07-01,Bolsonaro,Leite longa vida,25.46,225.74207376599807,268.73902162880705,6411.95
2022-08-01,Bolsonaro,Leite longa vida,-1.78,221.7238648529633,264.9090147258568,6388.87
2022-09-01,Bolsonaro,Leite longa vida,-13.71,191.325522981622,229.25490975191374,6370.34
2022-10-01,Bolsonaro,Leite longa vida,-6.32,179.2337499291835,213.50614581806312,6407.93
2022-11-01,Bolsonaro,Leite longa vida,-7.09,166.5260770592044,197.55864710307898,6434.2
2022-12-01,Bolsonaro,Leite longa vida,-3.83,160.14812830783686,188.82151737823068,6474.09
2023-01-01,Lula,Leite longa vida,-0.3,159.66768392291334,187.26263827529036,6508.4
2023-02-01,Lula,Leite longa vida,4.62,167.04433092015194,194.28221824689228,6563.07
2023-03-01,Lula,Leite longa vida,0.09,167.19467081798007,193.08609614820858,6609.67
2023-04-01,Lula,Leite longa vida,4.96,175.4875264905519,201.43438589132845,6649.99
2023-05-01,Lula,Leite longa vida,2.37,179.64658086837798,205.73534352374227,6665.28
2023-06-01,Lula,Leite longa vida,-2.68,174.83205250110544,200.3818749559701,6659.95
2023-07-01,Lula,Leite longa vida,-1.86,171.5801763245849,196.41912634578463,6667.94
2023-08-01,Lula,Leite longa vida,-3.35,165.83224041771132,189.40335172605168,6683.28
2023-09-01,Lula,Leite longa vida,-4.06,159.09945145675223,181.24225163539484,6700.66
2023-10-01,Lula,Leite longa vida,-5.48,150.38080151692222,170.90005651000575,6716.74
2023-11-01,Lula,Leite longa vida,-0.58,149.50859286812403,169.43434112117797,6735.55
2023-12-01,Lula,Leite longa vida,-1.26,147.6247845979857,166.36778609694906,6773.27
2024-01-01,Lula,Leite longa vida,0.71,148.6729205686314,166.84817920644988,6801.72
2024-02-01,Lula,Leite longa vida,3.49,153.86160549647664,171.2499140330249,6858.17
2024-03-01,Lula,Leite longa vida,2.63,157.90816572103398,175.47310839883423,6869.14
2024-04-01,Lula,Leite longa vida,1.47,160.22941575713318,177.37859497853907,6895.24
2024-05-01,Lula,Leite longa vida,5.36,168.81771244171554,186.03029714932325,6926.96
2024-06-01,Lula,Leite longa vida,7.43,181.360868476135,199.4334405738936,6941.51
2024-07-01,Lula,Leite longa vida,-0.92,179.69234848615457,196.85055665846755,6967.89
2024-08-01,Lula,Leite longa vida,-1.21,177.51807106947211,194.5074665369449,6966.5
2024-09-01,Lula,Leite longa vida,1.17,179.59503250098496,195.9212236321207,6997.15
2024-10-01,Lula,Leite longa vida,1.97,183.1330546412544,198.66844316273716,7036.33
2024-11-01,Lula,Leite longa vida,-1.72,179.9831661014248,194.4928703766372,7063.77
2024-12-01,Lula,Leite longa vida,-2.53,175.42959199905877,188.591567429755,7100.5
2025-01-01,Lula,Leite longa vida,-1.53,172.74551924147318,185.40948216635175,7111.86
2025-02-01,Lula,Leite longa vida,-1.04,170.94896584136183,181.10858310503335,7205.03
2025-03-01,Lula,Leite longa vida,3.34,176.65866130046336,186.11531668436103,7245.38
2025-04-01,Lula,Leite longa vida,1.71,179.67952440870127,188.48726676445548,7276.54
2025-05-01,Lula,Leite longa vida,-0.89,178.08037664146383,186.32525891320367,7295.46
2025-06-01,Lula,Leite longa vida,-0.25,177.63517569986018,185.414428365964,7312.97
2025-07-01,Lula,Leite longa vida,0.11,177.83057439313004,185.13712194726006,7331.98
2025-08-01,Lula,Leite longa vida,-1.04,175.9811364194415,183.41357143260544,7323.91
2025-09-01,Lula,Leite longa vida,-0.45,175.189221305554,181.71609142284393,7359.06
2025-10-01,Lula,Leite longa vida,-1.88,171.8956639450096,178.13957963079653,7365.68
2025-11-01,Lula,Leite longa vida,-4.98,163.33525988054814,168.96405253030878,7378.94
2025-12-01,Lula,Leite longa vida,-6.42,152.84913619621693,157.59650262073336,7403.29
2026-01-01,Lula,Leite longa vida,-5.59,144.3048694828484,148.29749356229945,7427.72
2026-02-01,Lula,Leite longa vida,1.24,146.0942498644357,149.09281387817262,7479.71
2026-03-01,Lula,Leite longa vida,11.74,163.24571479852045,165.1430830665984,7545.53
2026-04-01,Lula,Leite longa vida,13.66,185.54507943999835,186.45227567521954,7596.09
2026-05-01,Lula,Leite longa vida,0.77,186.97377655168637,186.80442666539648,7640.15
2026-06-01,Lula,Leite longa vida,-0.19,186.6185263762381,186.15175874806,7652.37
2026-07-01,Lula,Leite longa vida,2.47,191.2280039777312,190.6161926318814,7657.73
2026-08-01,Lula,Leite longa vida,1.78,194.6318624485348,194.6318624485348,7633.23
2019-01-01,Bolsonaro,Óleo de soja,0.19,100.0,149.17597074808526,5116.93
2019-02-01,Bolsonaro,Óleo de soja,-0.86,99.14,147.25992029469168,5138.93
2019-03-01,Bolsonaro,Óleo de soja,1.09,100.220626,147.75693321293602,5177.47
2019-04-01,Bolsonaro,Óleo de soja,-0.49,99.7295449326,146.19963093114828,5206.98
2019-05-01,Bolsonaro,Óleo de soja,-1.17,98.56270925688855,144.3014776659716,5213.75
2019-06-01,Bolsonaro,Óleo de soja,-0.19,98.37544010930048,144.0129415441693,5214.27
2019-07-01,Bolsonaro,Óleo de soja,-0.85,97.53924886837144,142.51796849257087,5224.18
2019-08-01,Bolsonaro,Óleo de soja,-0.99,96.57361030457456,140.95190172434192,5229.93
2019-09-01,Bolsonaro,Óleo de soja,5.03,101.43126290289466,148.10096692482222,5227.84
2019-10-01,Bolsonaro,Óleo de soja,2.39,103.85547008627384,151.48902841480202,5233.07
2019-11-01,Bolsonaro,Óleo de soja,2.26,106.20260371022364,154.12659526651223,5259.76
2019-12-01,Bolsonaro,Óleo de soja,2.25,108.59216229370364,155.8026316404619,5320.25
2020-01-01,Bolsonaro,Óleo de soja,2.74,111.56758754055114,159.7362534263219,5331.42
2020-02-01,Bolsonaro,Óleo de soja,1.29,113.00680941982424,161.39332389123624,5344.75
2020-03-01,Bolsonaro,Óleo de soja,0.85,113.96736729989276,162.65135152062737,5348.49
2020-04-01,Bolsonaro,Óleo de soja,1.49,115.66548107266117,165.58817010944847,5331.91
2020-05-01,Bolsonaro,Óleo de soja,-0.44,115.15655295594144,165.48839903229333,5311.65
2020-06-01,Bolsonaro,Óleo de soja,2.47,118.0009198139532,169.13621755706774,5325.46
2020-07-01,Bolsonaro,Óleo de soja,-0.29,117.65871714649272,168.04082779988934,5344.63
2020-08-01,Bolsonaro,Óleo de soja,9.48,128.81276353198024,183.53052584157743,5357.46
2020-09-01,Bolsonaro,Óleo de soja,27.54,164.28779860868758,232.58618314532245,5391.75
2020-10-01,Bolsonaro,Óleo de soja,17.44,192.93959068604264,270.82011279861814,5438.12
2020-11-01,Bolsonaro,Óleo de soja,9.24,210.76720886543305,293.2340685403296,5486.52
2020-12-01,Bolsonaro,Óleo de soja,4.99,221.2844925878181,303.7655046238098,5560.59
2021-01-01,Bolsonaro,Óleo de soja,-1.08,218.89462006786968,299.7355777372755,5574.49
2021-02-01,Bolsonaro,Óleo de soja,-3.15,211.9994395357318,287.8186979379617,5622.43
2021-03-01,Bolsonaro,Óleo de soja,-2.3,207.12345242640995,278.6077464200604,5674.72
2021-04-01,Bolsonaro,Óleo de soja,1.84,210.9345239510559,282.85735250872114,5692.31
2021-05-01,Bolsonaro,Óleo de soja,2.03,215.21649478726232,286.22350920714723,5739.56
2021-06-01,Bolsonaro,Óleo de soja,0.78,216.89518344660297,286.93527900271977,5769.98
2021-07-01,Bolsonaro,Óleo de soja,-0.01,216.8734939282583,284.1785603417464,5825.37
2021-08-01,Bolsonaro,Óleo de soja,-0.39,216.0276873019381,280.6288277914199,5876.05
2021-09-01,Bolsonaro,Óleo de soja,0.44,216.97820912606664,278.63157177276133,5944.21
2021-10-01,Bolsonaro,Óleo de soja,1.97,221.2526798458501,280.61307422929235,6018.51
2021-11-01,Bolsonaro,Óleo de soja,1.54,224.65997111547625,282.25291799248924,6075.69
2021-12-01,Bolsonaro,Óleo de soja,2.6,230.50113036447863,287.49291562343535,6120.04
2022-01-01,Bolsonaro,Óleo de soja,1.43,233.79729652869068,290.037775781225,6153.09
2022-02-01,Bolsonaro,Óleo de soja,0.6,235.20008030786283,288.86033508092817,6215.24
2022-03-01,Bolsonaro,Óleo de soja,8.99,256.3445675275397,309.80980523663845,6315.93
2022-04-01,Bolsonaro,Óleo de soja,8.24,277.467359891809,331.82077299697835,6382.88
2022-05-01,Bolsonaro,Óleo de soja,1.81,282.4895191058507,336.2463467154153,6412.88
2022-06-01,Bolsonaro,Óleo de soja,-0.68,280.5685903759309,331.7370417706835,6455.85
2022-07-01,Bolsonaro,Óleo de soja,-2.41,273.806887347871,325.9587093957984,6411.95
2022-08-01,Bolsonaro,Óleo de soja,-5.56,258.5832244113293,308.94747053442796,6388.87
2022-09-01,Bolsonaro,Óleo de soja,-6.27,242.37005624073905,290.4187821055856,6370.34
2022-10-01,Bolsonaro,Óleo de soja,-2.85,235.462509637878,280.4867550742813,6407.93
2022-11-01,Bolsonaro,Óleo de soja,0.33,236.23953591968296,280.26339137238534,6434.2
2022-12-01,Bolsonaro,Óleo de soja,1.7,240.25560803031755,283.271674456991,6474.09
2023-01-01,Lula,Óleo de soja,-0.46,239.15043223337807,280.4821851510031,6508.4
2023-02-01,Lula,Óleo de soja,-2.25,233.76954750812703,271.88750434255013,6563.07
2023-03-01,Lula,Óleo de soja,-4.01,224.3953886530512,259.14480034981017,6609.67
2023-04-01,Lula,Óleo de soja,-4.44,214.43223339685568,246.1372959856903,6649.99
2023-05-01,Lula,Óleo de soja,-7.11,199.18610160233925,228.1124463389421,6665.28
2023-06-01,Lula,Óleo de soja,-8.96,181.33902689876965,207.83977361609251,6659.95
2023-07-01,Lula,Óleo de soja,-4.77,172.68915531569834,197.68864762287123,6667.94
2023-08-01,Lula,Óleo de soja,-1.03,170.91045701594666,195.203377354807,6683.28
2023-09-01,Lula,Óleo de soja,-1.17,168.91080466886007,192.4191081956826,6700.66
2023-10-01,Lula,Óleo de soja,-1.77,165.92108342622123,188.5607886625855,6716.74
2023-11-01,Lula,Óleo de soja,0.32,166.45203089318517,188.635914776787,6735.55
2023-12-01,Lula,Óleo de soja,3.93,172.9935957072873,194.95751750051846,6773.27
2024-01-01,Lula,Óleo de soja,2.84,177.90661382537428,199.6556903033735,6801.72
2024-02-01,Lula,Óleo de soja,-1.06,176.0208037188253,195.91338207869575,6858.17
2024-03-01,Lula,Óleo de soja,-2.75,171.18023161655762,190.2214948861802,6869.14
2024-04-01,Lula,Óleo de soja,0.26,171.62530021876066,189.9941684972315,6895.24
2024-05-01,Lula,Óleo de soja,0.13,171.84841310904503,189.3700068134298,6926.96
2024-06-01,Lula,Óleo de soja,0.78,173.1888307312956,190.44706100013508,6941.51
2024-07-01,Lula,Óleo de soja,0.4,173.8815860542208,190.48494438297098,6967.89
2024-08-01,Lula,Óleo de soja,1.26,176.07249403850398,192.92354032434216,6966.5
2024-09-01,Lula,Óleo de soja,3.53,182.28785307806316,198.85883663363856,6997.15
2024-10-01,Lula,Óleo de soja,5.1,191.58453358504437,207.83687082575267,7036.33
2024-11-01,Lula,Óleo de soja,11.0,212.65883227939923,229.80275098425886,7063.77
2024-12-01,Lula,Óleo de soja,5.12,223.54696449210445,240.3190473586461,7100.5
2025-01-01,Lula,Óleo de soja,-0.87,221.60210590102312,237.84774205719273,7111.86
2025-02-01,Lula,Óleo de soja,-1.98,217.2143842041829,230.12358781835678,7205.03
2025-03-01,Lula,Óleo de soja,-1.99,212.8918179585196,224.28805826547543,7245.38
2025-04-01,Lula,Óleo de soja,-0.97,210.826767324322,221.16132188416944,7276.54
2025-05-01,Lula,Óleo de soja,-1.28,208.12818470257065,217.76424013252122,7295.46
2025-06-01,Lula,Óleo de soja,-0.59,206.90022841282544,215.96109795714074,7312.97
2025-07-01,Lula,Óleo de soja,0.46,207.85196946352443,216.39200991656529,7331.98
2025-08-01,Lula,Óleo de soja,-0.15,207.5401915093292,216.3055002088716,7323.91
2025-09-01,Lula,Óleo de soja,3.57,214.94937634621223,222.95755544963586,7359.06
2025-10-01,Lula,Óleo de soja,4.64,224.9230274086765,233.09310213133497,7365.68
2025-11-01,Lula,Óleo de soja,2.95,231.55825671723247,239.53812226711162,7378.94
2025-12-01,Lula,Óleo de soja,-0.34,230.7709586443939,237.93851174993102,7403.29
2026-01-01,Lula,Óleo de soja,-3.32,223.1093628174,229.28234795316223,7427.72
2026-02-01,Lula,Óleo de soja,-2.62,217.26389751158413,221.72320857390852,7479.71
2026-03-01,Lula,Óleo de soja,-0.7,215.74305022900305,218.25058323265998,7545.53
2026-04-01,Lula,Óleo de soja,0.73,217.3179744956748,218.38051977525538,7596.09
2026-05-01,Lula,Óleo de soja,-0.87,215.4273081175624,215.23218669034256,7640.15
2026-06-01,Lula,Óleo de soja,-2.78,209.43842895189417,208.9145845049922,7652.37
2026-07-01,Lula,Óleo de soja,-1.56,206.17118946024465,205.51156916261388,7657.73
2026-08-01,Lula,Óleo de soja,0.48,207.16081116965375,207.16081116965375,7633.23
