ano_mes,variacao_pct,indice_relativo,item,codigo_sidra
2019-01-01,0.19,100.0,Arroz,7173
2019-02-01,-1.23,98.77,Arroz,7173
2019-03-01,-0.41,98.365043,Arroz,7173
2019-04-01,-0.16,98.2076589312,Arroz,7173
2019-05-01,-0.4,97.8148282954752,Arroz,7173
2019-06-01,0.5,98.30390243695255,Arroz,7173
2019-07-01,0.48,98.77576116864992,Arroz,7173
2019-08-01,0.67,99.43755876847987,Arroz,7173
2019-09-01,0.63,100.0640153887213,Arroz,7173
2019-10-01,0.05,100.11404739641566,Arroz,7173
2019-11-01,0.69,100.80483432345092,Arroz,7173
2019-12-01,0.17,100.97620254180079,Arroz,7173
2020-01-01,1.31,102.29899079509839,Arroz,7173
2020-02-01,1.0,103.32198070304938,Arroz,7173
2020-03-01,1.6,104.97513239429817,Arroz,7173
2020-04-01,3.88,109.04816753119694,Arroz,7173
2020-05-01,2.01,111.24003569857399,Arroz,7173
2020-06-01,2.74,114.28801267671493,Arroz,7173
2020-07-01,2.2,116.80234895560265,Arroz,7173
2020-08-01,3.08,120.3998613034352,Arroz,7173
2020-09-01,17.98,142.04775636579285,Arroz,7173
2020-10-01,13.36,161.02533661626276,Arroz,7173
2020-11-01,6.28,171.13772775576405,Arroz,7173
2020-12-01,3.84,177.7094165015854,Arroz,7173
2021-01-01,0.24,178.1359191011892,Arroz,7173
2021-02-01,-1.52,175.42825313085112,Arroz,7173
2021-03-01,-2.13,171.691631339164,Arroz,7173
2021-04-01,-0.5,170.83317318246816,Arroz,7173
2021-05-01,-1.14,168.88567500818803,Arroz,7173
2021-06-01,-1.06,167.09548685310122,Arroz,7173
2021-07-01,-2.35,163.16874291205335,Arroz,7173
2021-08-01,-2.09,159.75851618519144,Arroz,7173
2021-09-01,-0.97,158.20885857819508,Arroz,7173
2021-10-01,-1.42,155.96229278638472,Arroz,7173
2021-11-01,-3.58,150.37884270463215,Arroz,7173
2021-12-01,-1.77,147.71713718876015,Arroz,7173
2022-01-01,-2.66,143.78786133953915,Arroz,7173
2022-02-01,0.14,143.9891643454145,Arroz,7173
2022-03-01,2.69,147.86247286630615,Arroz,7173
2022-04-01,2.22,151.14501976393814,Arroz,7173
2022-05-01,0.27,151.55311131730076,Arroz,7173
2022-06-01,-0.76,150.40130767128926,Arroz,7173
2022-07-01,-0.11,150.23586623285084,Arroz,7173
2022-08-01,-0.42,149.60487559467288,Arroz,7173
2022-09-01,-0.64,148.64740439086697,Arroz,7173
2022-10-01,0.04,148.70686335262332,Arroz,7173
2022-11-01,1.46,150.8779835575716,Arroz,7173
2022-12-01,3.77,156.56608353769207,Arroz,7173
2023-01-01,3.13,161.46660195242185,Arroz,7173
2023-02-01,1.91,164.5506140497131,Arroz,7173
2023-03-01,0.9,166.03156957616048,Arroz,7173
2023-04-01,0.36,166.62928322663467,Arroz,7173
2023-05-01,0.42,167.32912621618652,Arroz,7173
2023-06-01,-0.4,166.65980971132177,Arroz,7173
2023-07-01,-0.74,165.426527119458,Arroz,7173
2023-08-01,1.14,167.31238952861983,Arroz,7173
2023-09-01,3.2,172.66638599353567,Arroz,7173
2023-10-01,2.99,177.8291109347424,Arroz,7173
2023-11-01,3.63,184.28430766167355,Arroz,7173
2023-12-01,5.81,194.9912259368168,Arroz,7173
2024-01-01,6.39,207.4511652741794,Arroz,7173
2024-02-01,3.69,215.10611327279662,Arroz,7173
2024-03-01,-0.9,213.17015825334144,Arroz,7173
2024-04-01,-1.93,209.05597419905195,Arroz,7173
2024-05-01,1.47,212.129097019778,Arroz,7173
2024-06-01,2.25,216.902001702723,Arroz,7173
2024-07-01,-0.51,215.79580149403913,Arroz,7173
2024-08-01,-0.95,213.74574137984575,Arroz,7173
2024-09-01,0.12,214.0022362695016,Arroz,7173
2024-10-01,-0.03,213.93803559862076,Arroz,7173
2024-11-01,-0.18,213.55294713454325,Arroz,7173
2024-12-01,-1.17,211.05437765306908,Arroz,7173
2025-01-01,-0.54,209.91468401374252,Arroz,7173
2025-02-01,-1.61,206.53505760112125,Arroz,7173
2025-03-01,-1.81,202.79677305854096,Arroz,7173
2025-04-01,-4.19,194.2995882673881,Arroz,7173
2025-05-01,-4.0,186.52760473669255,Arroz,7173
2025-06-01,-3.23,180.5027631036974,Arroz,7173
2025-07-01,-2.89,175.28623325000052,Arroz,7173
2025-08-01,-2.61,170.7112625621755,Arroz,7173
2025-09-01,-2.14,167.05804154334496,Arroz,7173
2025-10-01,-2.49,162.89829630891566,Arroz,7173
2025-11-01,-2.86,158.23940503448068,Arroz,7173
2025-12-01,-2.04,155.01132117177727,Arroz,7173
2026-01-01,-1.55,152.60864569361473,Arroz,7173
2026-02-01,-2.36,149.00708165524543,Arroz,7173
2026-03-01,-0.3,148.5600604102797,Arroz,7173
2026-04-01,2.53,152.3186299386598,Arroz,7173
2026-05-01,1.74,154.9689740995925,Arroz,7173
2026-06-01,-0.49,154.20962612650447,Arroz,7173
2026-07-01,-0.43,153.5465247341605,Arroz,7173
2026-08-01,1.34,155.60404816559827,Arroz,7173
2019-01-01,19.76,100.0,Feijão carioca,12222
2019-02-01,51.58,151.58,Feijão carioca,12222
2019-03-01,12.93,171.179294,Feijão carioca,12222
2019-04-01,-9.09,155.6190961754,Feijão carioca,12222
2019-05-01,-13.04,135.32636603412783,Feijão carioca,12222
2019-06-01,-14.8,115.29806386107691,Feijão carioca,12222
2019-07-01,-8.86,105.0826554029855,Feijão carioca,12222
2019-08-01,-3.21,101.70950216454966,Feijão carioca,12222
2019-09-01,-2.9,98.75992660177772,Feijão carioca,12222
2019-10-01,0.24,98.99695042562199,Feijão carioca,12222
2019-11-01,6.66,105.59014732396841,Feijão carioca,12222
2019-12-01,23.35,130.24544672411503,Feijão carioca,12222
2020-01-01,-0.7,129.33372859704622,Feijão carioca,12222
2020-02-01,-3.44,124.88464833330782,Feijão carioca,12222
2020-03-01,-1.29,123.27363636980814,Feijão carioca,12222
2020-04-01,17.29,144.58764809814798,Feijão carioca,12222
2020-05-01,8.66,157.1089384234476,Feijão carioca,12222
2020-06-01,4.96,164.9015417692506,Feijão carioca,12222
2020-07-01,-5.95,155.0899000339802,Feijão carioca,12222
2020-08-01,-5.85,146.01714088199236,Feijão carioca,12222
2020-09-01,-0.41,145.41847060437618,Feijão carioca,12222
2020-10-01,0.38,145.9710607926728,Feijão carioca,12222
2020-11-01,0.81,147.15342638509344,Feijão carioca,12222
2020-12-01,2.86,151.36201437970712,Feijão carioca,12222
2021-01-01,1.27,153.28431196232938,Feijão carioca,12222
2021-02-01,-1.52,150.95439042050197,Feijão carioca,12222
2021-03-01,0.18,151.22610832325887,Feijão carioca,12222
2021-04-01,0.64,152.19395541652773,Feijão carioca,12222
2021-05-01,-1.38,150.09367883177964,Feijão carioca,12222
2021-06-01,0.78,151.26440952666752,Feijão carioca,12222
2021-07-01,-0.9,149.9030298409275,Feijão carioca,12222
2021-08-01,-0.84,148.64384439026372,Feijão carioca,12222
2021-09-01,-0.31,148.1830484726539,Feijão carioca,12222
2021-10-01,-1.47,146.00475766010587,Feijão carioca,12222
2021-11-01,-2.16,142.85105489464758,Feijão carioca,12222
2021-12-01,-2.65,139.06550193993942,Feijão carioca,12222
2022-01-01,0.24,139.39925914459528,Feijão carioca,12222
2022-02-01,4.77,146.04860380579248,Feijão carioca,12222
2022-03-01,6.43,155.43952903050493,Feijão carioca,12222
2022-04-01,7.1,166.47573559167077,Feijão carioca,12222
2022-05-01,7.31,178.6451118634219,Feijão carioca,12222
2022-06-01,9.74,196.04514575891918,Feijão carioca,12222
2022-07-01,-1.69,192.73198279559344,Feijão carioca,12222
2022-08-01,-5.39,182.34372892291097,Feijão carioca,12222
2022-09-01,-4.78,173.62769868039584,Feijão carioca,12222
2022-10-01,-3.55,167.4639153772418,Feijão carioca,12222
2022-11-01,-1.18,165.48784117579032,Feijão carioca,12222
2022-12-01,7.37,177.6842950704461,Feijão carioca,12222
2023-01-01,5.69,187.79453145995447,Feijão carioca,12222
2023-02-01,1.23,190.1044041969119,Feijão carioca,12222
2023-03-01,0.28,190.63669652866324,Feijão carioca,12222
2023-04-01,4.41,199.0437748455773,Feijão carioca,12222
2023-05-01,-0.03,198.98406171312362,Feijão carioca,12222
2023-06-01,-6.44,186.16948813879847,Feijão carioca,12222
2023-07-01,-9.24,168.9674274347735,Feijão carioca,12222
2023-08-01,-8.27,154.99382118591774,Feijão carioca,12222
2023-09-01,-7.55,143.29178768638096,Feijão carioca,12222
2023-10-01,-4.67,136.60006120142697,Feijão carioca,12222
2023-11-01,-1.44,134.63302032012643,Feijão carioca,12222
2023-12-01,13.79,153.19891382227186,Feijão carioca,12222
2024-01-01,9.7,168.05920846303223,Feijão carioca,12222
2024-02-01,5.07,176.57981033210797,Feijão carioca,12222
2024-03-01,0.78,177.9571328526984,Feijão carioca,12222
2024-04-01,-3.94,170.9456218183021,Feijão carioca,12222
2024-05-01,-6.08,160.55212801174935,Feijão carioca,12222
2024-06-01,-4.29,153.6644417200453,Feijão carioca,12222
2024-07-01,-1.82,150.86774888074046,Feijão carioca,12222
2024-08-01,-4.1,144.6821711766301,Feijão carioca,12222
2024-09-01,-1.42,142.62768434592195,Feijão carioca,12222
2024-10-01,-0.48,141.94307146106152,Feijão carioca,12222
2024-11-01,-0.51,141.2191617966101,Feijão carioca,12222
2024-12-01,-0.82,140.0611646698779,Feijão carioca,12222
2025-01-01,-1.35,138.17033894683456,Feijão carioca,12222
2025-02-01,-3.33,133.56926665990497,Feijão carioca,12222
2025-03-01,0.74,134.55767923318828,Feijão carioca,12222
2025-04-01,2.38,137.76015199893817,Feijão carioca,12222
2025-05-01,1.19,139.39949780772554,Feijão carioca,12222
2025-06-01,-0.49,138.7164402684677,Feijão carioca,12222
2025-07-01,-2.29,135.53983378631978,Feijão carioca,12222
2025-08-01,-2.3,132.42241760923443,Feijão carioca,12222
2025-09-01,-0.63,131.58815637829625,Feijão carioca,12222
2025-10-01,1.64,133.7462021429003,Feijão carioca,12222
2025-11-01,0.83,134.85629562068638,Feijão carioca,12222
2025-12-01,-0.51,134.16852851302087,Feijão carioca,12222
2026-01-01,-0.64,133.30984993053755,Feijão carioca,12222
2026-02-01,11.73,148.9470953273896,Feijão carioca,12222
2026-03-01,15.4,171.8849480078076,Feijão carioca,12222
2026-04-01,3.47,177.8493557036785,Feijão carioca,12222
2026-05-01,6.44,189.3028542109954,Feijão carioca,12222
2026-06-01,8.31,205.03392139592913,Feijão carioca,12222
2026-07-01,-2.17,200.58468530163745,Feijão carioca,12222
2026-08-01,-4.82,190.91650347009852,Feijão carioca,12222
2019-01-01,-0.33,100.0,Carne bovina (patinho),7295
2019-02-01,-1.43,98.57000000000001,Carne bovina (patinho),7295
2019-03-01,0.55,99.11213500000001,Carne bovina (patinho),7295
2019-04-01,0.11,99.22115834850003,Carne bovina (patinho),7295
2019-05-01,1.45,100.65986514455327,Carne bovina (patinho),7295
2019-06-01,-0.51,100.14649983231604,Carne bovina (patinho),7295
2019-07-01,1.53,101.67874127975048,Carne bovina (patinho),7295
2019-08-01,-0.08,101.59739828672669,Carne bovina (patinho),7295
2019-09-01,-0.58,101.00813337666366,Carne bovina (patinho),7295
2019-10-01,0.89,101.90710576371596,Carne bovina (patinho),7295
2019-11-01,10.22,112.32201197276774,Carne bovina (patinho),7295
2019-12-01,19.57,134.30342971583838,Carne bovina (patinho),7295
2020-01-01,-8.32,123.12938436348063,Carne bovina (patinho),7295
2020-02-01,-4.22,117.93332434334174,Carne bovina (patinho),7295
2020-03-01,1.57,119.7848775355322,Carne bovina (patinho),7295
2020-04-01,-2.35,116.9699329134472,Carne bovina (patinho),7295
2020-05-01,1.32,118.5139360279047,Carne bovina (patinho),7295
2020-06-01,2.14,121.05013425890188,Carne bovina (patinho),7295
2020-07-01,0.81,122.03064034639898,Carne bovina (patinho),7295
2020-08-01,2.46,125.0325940989204,Carne bovina (patinho),7295
2020-09-01,3.82,129.80883919349915,Carne bovina (patinho),7295
2020-10-01,2.54,133.10598370901405,Carne bovina (patinho),7295
2020-11-01,8.27,144.1138485617495,Carne bovina (patinho),7295
2020-12-01,4.37,150.41162374389796,Carne bovina (patinho),7295
2021-01-01,-0.98,148.93758983120776,Carne bovina (patinho),7295
2021-02-01,2.52,152.69081709495418,Carne bovina (patinho),7295
2021-03-01,2.21,156.06528415275267,Carne bovina (patinho),7295
2021-04-01,2.56,160.06055542706315,Carne bovina (patinho),7295
2021-05-01,2.89,164.68630547890527,Carne bovina (patinho),7295
2021-06-01,2.24,168.37527872163275,Carne bovina (patinho),7295
2021-07-01,0.8,169.72228095140582,Carne bovina (patinho),7295
2021-08-01,0.26,170.16355888187945,Carne bovina (patinho),7295
2021-09-01,-1.95,166.84536948368282,Carne bovina (patinho),7295
2021-10-01,0.51,167.69628086804963,Carne bovina (patinho),7295
2021-11-01,0.33,168.2496785949142,Carne bovina (patinho),7295
2021-12-01,-0.54,167.34113033050167,Carne bovina (patinho),7295
2022-01-01,2.34,171.2569127802354,Carne bovina (patinho),7295
2022-02-01,0.14,171.49667245812776,Carne bovina (patinho),7295
2022-03-01,2.05,175.01235424351938,Carne bovina (patinho),7295
2022-04-01,1.85,178.25008279702448,Carne bovina (patinho),7295
2022-05-01,0.16,178.53528292949972,Carne bovina (patinho),7295
2022-06-01,-1.07,176.62495540215406,Carne bovina (patinho),7295
2022-07-01,-0.93,174.98234331691404,Carne bovina (patinho),7295
2022-08-01,-0.56,174.00244219433932,Carne bovina (patinho),7295
2022-09-01,-0.03,173.95024146168103,Carne bovina (patinho),7295
2022-10-01,-2.19,170.14073117367022,Carne bovina (patinho),7295
2022-11-01,1.74,173.1011798960921,Carne bovina (patinho),7295
2022-12-01,-0.74,171.82023116486104,Carne bovina (patinho),7295
2023-01-01,0.29,172.31850983523913,Carne bovina (patinho),7295
2023-02-01,-0.73,171.0605847134419,Carne bovina (patinho),7295
2023-03-01,-2.01,167.62226696070172,Carne bovina (patinho),7295
2023-04-01,0.69,168.77886060273056,Carne bovina (patinho),7295
2023-05-01,-0.7,167.59740857851145,Carne bovina (patinho),7295
2023-06-01,-2.72,163.03875906517592,Carne bovina (patinho),7295
2023-07-01,-2.66,158.70192807404226,Carne bovina (patinho),7295
2023-08-01,-1.29,156.6546732018871,Carne bovina (patinho),7295
2023-09-01,-2.72,152.3936660907958,Carne bovina (patinho),7295
2023-10-01,1.7,154.9843584143393,Carne bovina (patinho),7295
2023-11-01,1.02,156.56519887016557,Carne bovina (patinho),7295
2023-12-01,0.86,157.911659580449,Carne bovina (patinho),7295
2024-01-01,-1.18,156.0483019973997,Carne bovina (patinho),7295
2024-02-01,0.62,157.01580146978358,Carne bovina (patinho),7295
2024-03-01,-0.15,156.78027776757892,Carne bovina (patinho),7295
2024-04-01,-1.0,155.21247498990314,Carne bovina (patinho),7295
2024-05-01,-0.09,155.07278376241223,Carne bovina (patinho),7295
2024-06-01,0.03,155.11930559754094,Carne bovina (patinho),7295
2024-07-01,-0.82,153.8473272916411,Carne bovina (patinho),7295
2024-08-01,2.17,157.18581429386973,Carne bovina (patinho),7295
2024-09-01,3.15,162.13716744412665,Carne bovina (patinho),7295
2024-10-01,6.58,172.8057930619502,Carne bovina (patinho),7295
2024-11-01,8.39,187.30419909984784,Carne bovina (patinho),7295
2024-12-01,4.65,196.01384435799076,Carne bovina (patinho),7295
2025-01-01,-0.26,195.50420836265997,Carne bovina (patinho),7295
2025-02-01,0.2,195.8952167793853,Carne bovina (patinho),7295
2025-03-01,-1.96,192.05567053050936,Carne bovina (patinho),7295
2025-04-01,0.26,192.55501527388867,Carne bovina (patinho),7295
2025-05-01,1.36,195.17376348161358,Carne bovina (patinho),7295
2025-06-01,-0.25,194.68582907290954,Carne bovina (patinho),7295
2025-07-01,-1.14,192.4664106214784,Carne bovina (patinho),7295
2025-08-01,-0.25,191.9852445949247,Carne bovina (patinho),7295
2025-09-01,0.73,193.38673688046765,Carne bovina (patinho),7295
2025-10-01,0.41,194.17962250167756,Carne bovina (patinho),7295
2025-11-01,2.24,198.52924604571513,Carne bovina (patinho),7295
2025-12-01,0.68,199.87924491882598,Carne bovina (patinho),7295
2026-01-01,1.18,202.23782000886814,Carne bovina (patinho),7295
2026-02-01,-0.21,201.81312058684952,Carne bovina (patinho),7295
2026-03-01,1.57,204.98158658006307,Carne bovina (patinho),7295
2026-04-01,2.32,209.73715938872056,Carne bovina (patinho),7295
2026-05-01,0.93,211.6877149710357,Carne bovina (patinho),7295
2026-06-01,0.32,212.365115658943,Carne bovina (patinho),7295
2026-07-01,0.49,213.40570472567182,Carne bovina (patinho),7295
2026-08-01,0.04,213.4910670075621,Carne bovina (patinho),7295
2019-01-01,2.1,100.0,Leite longa vida,12393
2019-02-01,2.41,102.41,Leite longa vida,12393
2019-03-01,0.52,102.942532,Leite longa vida,12393
2019-04-01,-0.3,102.633704404,Leite longa vida,12393
2019-05-01,2.37,105.06612319837481,Leite longa vida,12393
2019-06-01,0.72,105.82259928540311,Leite longa vida,12393
2019-07-01,-0.75,105.0289297907626,Leite longa vida,12393
2019-08-01,-0.33,104.68233432245309,Leite longa vida,12393
2019-09-01,1.58,106.33631520474785,Leite longa vida,12393
2019-10-01,-1.55,104.68810231907426,Leite longa vida,12393
2019-11-01,-1.09,103.54700200379635,Leite longa vida,12393
2019-12-01,0.3,103.85764300980773,Leite longa vida,12393
2020-01-01,-0.38,103.46298396637046,Leite longa vida,12393
2020-02-01,0.85,104.3424193300846,Leite longa vida,12393
2020-03-01,1.75,106.16841166836109,Leite longa vida,12393
2020-04-01,9.59,116.34996234735692,Leite longa vida,12393
2020-05-01,-1.4,114.72106287449392,Leite longa vida,12393
2020-06-01,2.33,117.39406363946965,Leite longa vida,12393
2020-07-01,3.79,121.84329865140556,Leite longa vida,12393
2020-08-01,4.84,127.74051430613359,Leite longa vida,12393
2020-09-01,6.01,135.41771921593224,Leite longa vida,12393
2020-10-01,-0.71,134.4562534094991,Leite longa vida,12393
2020-11-01,-3.47,129.7906214161895,Leite longa vida,12393
2020-12-01,1.57,131.8283341724237,Leite longa vida,12393
2021-01-01,-1.35,130.048651661096,Leite longa vida,12393
2021-02-01,-3.3,125.75704615627981,Leite longa vida,12393
2021-03-01,-2.27,122.90236120853226,Leite longa vida,12393
2021-04-01,2.4,125.85201787753704,Leite longa vida,12393
2021-05-01,-0.14,125.67582505250849,Leite longa vida,12393
2021-06-01,4.03,130.74056080212458,Leite longa vida,12393
2021-07-01,3.71,135.59103560788338,Leite longa vida,12393
2021-08-01,1.67,137.85540590253504,Leite longa vida,12393
2021-09-01,1.35,139.71645388221927,Leite longa vida,12393
2021-10-01,-1.71,137.3273025208333,Leite longa vida,12393
2021-11-01,-4.83,130.69439380907707,Leite longa vida,12393
2021-12-01,-2.89,126.91732582799474,Leite longa vida,12393
2022-01-01,0.4,127.42499513130673,Leite longa vida,12393
2022-02-01,1.04,128.75021508067232,Leite longa vida,12393
2022-03-01,9.34,140.77548516920712,Leite longa vida,12393
2022-04-01,10.31,155.28943769015237,Leite longa vida,12393
2022-05-01,4.65,162.51039654274445,Leite longa vida,12393
2022-06-01,10.72,179.93151105212664,Leite longa vida,12393
2022-07-01,25.46,225.74207376599807,Leite longa vida,12393
2022-08-01,-1.78,221.7238648529633,Leite longa vida,12393
2022-09-01,-13.71,191.32552298162202,Leite longa vida,12393
2022-10-01,-6.32,179.2337499291835,Leite longa vida,12393
2022-11-01,-7.09,166.5260770592044,Leite longa vida,12393
2022-12-01,-3.83,160.14812830783686,Leite longa vida,12393
2023-01-01,-0.3,159.66768392291334,Leite longa vida,12393
2023-02-01,4.62,167.04433092015194,Leite longa vida,12393
2023-03-01,0.09,167.19467081798007,Leite longa vida,12393
2023-04-01,4.96,175.4875264905519,Leite longa vida,12393
2023-05-01,2.37,179.64658086837798,Leite longa vida,12393
2023-06-01,-2.68,174.83205250110544,Leite longa vida,12393
2023-07-01,-1.86,171.5801763245849,Leite longa vida,12393
2023-08-01,-3.35,165.83224041771132,Leite longa vida,12393
2023-09-01,-4.06,159.09945145675223,Leite longa vida,12393
2023-10-01,-5.48,150.38080151692222,Leite longa vida,12393
2023-11-01,-0.58,149.50859286812405,Leite longa vida,12393
2023-12-01,-1.26,147.6247845979857,Leite longa vida,12393
2024-01-01,0.71,148.6729205686314,Leite longa vida,12393
2024-02-01,3.49,153.86160549647664,Leite longa vida,12393
2024-03-01,2.63,157.90816572103398,Leite longa vida,12393
2024-04-01,1.47,160.22941575713318,Leite longa vida,12393
2024-05-01,5.36,168.81771244171554,Leite longa vida,12393
2024-06-01,7.43,181.360868476135,Leite longa vida,12393
2024-07-01,-0.92,179.69234848615457,Leite longa vida,12393
2024-08-01,-1.21,177.51807106947211,Leite longa vida,12393
2024-09-01,1.17,179.59503250098496,Leite longa vida,12393
2024-10-01,1.97,183.13305464125438,Leite longa vida,12393
2024-11-01,-1.72,179.9831661014248,Leite longa vida,12393
2024-12-01,-2.53,175.42959199905877,Leite longa vida,12393
2025-01-01,-1.53,172.74551924147318,Leite longa vida,12393
2025-02-01,-1.04,170.94896584136185,Leite longa vida,12393
2025-03-01,3.34,176.65866130046336,Leite longa vida,12393
2025-04-01,1.71,179.67952440870127,Leite longa vida,12393
2025-05-01,-0.89,178.08037664146383,Leite longa vida,12393
2025-06-01,-0.25,177.63517569986018,Leite longa vida,12393
2025-07-01,0.11,177.83057439313004,Leite longa vida,12393
2025-08-01,-1.04,175.9811364194415,Leite longa vida,12393
2025-09-01,-0.45,175.189221305554,Leite longa vida,12393
2025-10-01,-1.88,171.8956639450096,Leite longa vida,12393
2025-11-01,-4.98,163.33525988054814,Leite longa vida,12393
2025-12-01,-6.42,152.84913619621693,Leite longa vida,12393
2026-01-01,-5.59,144.3048694828484,Leite longa vida,12393
2026-02-01,1.24,146.0942498644357,Leite longa vida,12393
2026-03-01,11.74,163.24571479852045,Leite longa vida,12393
2026-04-01,13.66,185.54507943999835,Leite longa vida,12393
2026-05-01,0.77,186.97377655168634,Leite longa vida,12393
2026-06-01,-0.19,186.61852637623812,Leite longa vida,12393
2026-07-01,2.47,191.2280039777312,Leite longa vida,12393
2026-08-01,1.78,194.6318624485348,Leite longa vida,12393
2019-01-01,0.19,100.0,Óleo de soja,7385
2019-02-01,-0.86,99.14,Óleo de soja,7385
2019-03-01,1.09,100.220626,Óleo de soja,7385
2019-04-01,-0.49,99.72954493259999,Óleo de soja,7385
2019-05-01,-1.17,98.56270925688857,Óleo de soja,7385
2019-06-01,-0.19,98.37544010930048,Óleo de soja,7385
2019-07-01,-0.85,97.53924886837143,Óleo de soja,7385
2019-08-01,-0.99,96.57361030457456,Óleo de soja,7385
2019-09-01,5.03,101.43126290289466,Óleo de soja,7385
2019-10-01,2.39,103.85547008627384,Óleo de soja,7385
2019-11-01,2.26,106.20260371022363,Óleo de soja,7385
2019-12-01,2.25,108.59216229370365,Óleo de soja,7385
2020-01-01,2.74,111.56758754055114,Óleo de soja,7385
2020-02-01,1.29,113.00680941982425,Óleo de soja,7385
2020-03-01,0.85,113.96736729989276,Óleo de soja,7385
2020-04-01,1.49,115.66548107266115,Óleo de soja,7385
2020-05-01,-0.44,115.15655295594145,Óleo de soja,7385
2020-06-01,2.47,118.0009198139532,Óleo de soja,7385
2020-07-01,-0.29,117.65871714649273,Óleo de soja,7385
2020-08-01,9.48,128.81276353198024,Óleo de soja,7385
2020-09-01,27.54,164.28779860868758,Óleo de soja,7385
2020-10-01,17.44,192.93959068604266,Óleo de soja,7385
2020-11-01,9.24,210.76720886543302,Óleo de soja,7385
2020-12-01,4.99,221.28449258781814,Óleo de soja,7385
2021-01-01,-1.08,218.89462006786968,Óleo de soja,7385
2021-02-01,-3.15,211.9994395357318,Óleo de soja,7385
2021-03-01,-2.3,207.12345242640995,Óleo de soja,7385
2021-04-01,1.84,210.9345239510559,Óleo de soja,7385
2021-05-01,2.03,215.21649478726232,Óleo de soja,7385
2021-06-01,0.78,216.89518344660297,Óleo de soja,7385
2021-07-01,-0.01,216.8734939282583,Óleo de soja,7385
2021-08-01,-0.39,216.0276873019381,Óleo de soja,7385
2021-09-01,0.44,216.97820912606662,Óleo de soja,7385
2021-10-01,1.97,221.25267984585014,Óleo de soja,7385
2021-11-01,1.54,224.65997111547625,Óleo de soja,7385
2021-12-01,2.6,230.50113036447863,Óleo de soja,7385
2022-01-01,1.43,233.79729652869068,Óleo de soja,7385
2022-02-01,0.6,235.20008030786283,Óleo de soja,7385
2022-03-01,8.99,256.3445675275397,Óleo de soja,7385
2022-04-01,8.24,277.467359891809,Óleo de soja,7385
2022-05-01,1.81,282.4895191058507,Óleo de soja,7385
2022-06-01,-0.68,280.5685903759309,Óleo de soja,7385
2022-07-01,-2.41,273.806887347871,Óleo de soja,7385
2022-08-01,-5.56,258.58322441132935,Óleo de soja,7385
2022-09-01,-6.27,242.37005624073902,Óleo de soja,7385
2022-10-01,-2.85,235.46250963787796,Óleo de soja,7385
2022-11-01,0.33,236.23953591968296,Óleo de soja,7385
2022-12-01,1.7,240.25560803031755,Óleo de soja,7385
2023-01-01,-0.46,239.15043223337807,Óleo de soja,7385
2023-02-01,-2.25,233.76954750812706,Óleo de soja,7385
2023-03-01,-4.01,224.39538865305116,Óleo de soja,7385
2023-04-01,-4.44,214.43223339685568,Óleo de soja,7385
2023-05-01,-7.11,199.18610160233925,Óleo de soja,7385
2023-06-01,-8.96,181.33902689876965,Óleo de soja,7385
2023-07-01,-4.77,172.68915531569834,Óleo de soja,7385
2023-08-01,-1.03,170.91045701594666,Óleo de soja,7385
2023-09-01,-1.17,168.91080466886007,Óleo de soja,7385
2023-10-01,-1.77,165.92108342622123,Óleo de soja,7385
2023-11-01,0.32,166.45203089318517,Óleo de soja,7385
2023-12-01,3.93,172.9935957072873,Óleo de soja,7385
2024-01-01,2.84,177.90661382537428,Óleo de soja,7385
2024-02-01,-1.06,176.0208037188253,Óleo de soja,7385
2024-03-01,-2.75,171.18023161655762,Óleo de soja,7385
2024-04-01,0.26,171.62530021876066,Óleo de soja,7385
2024-05-01,0.13,171.84841310904505,Óleo de soja,7385
2024-06-01,0.78,173.1888307312956,Óleo de soja,7385
2024-07-01,0.4,173.8815860542208,Óleo de soja,7385
2024-08-01,1.26,176.07249403850398,Óleo de soja,7385
2024-09-01,3.53,182.28785307806314,Óleo de soja,7385
2024-10-01,5.1,191.58453358504434,Óleo de soja,7385
2024-11-01,11.0,212.65883227939923,Óleo de soja,7385
2024-12-01,5.12,223.54696449210445,Óleo de soja,7385
2025-01-01,-0.87,221.60210590102312,Óleo de soja,7385
2025-02-01,-1.98,217.21438420418286,Óleo de soja,7385
2025-03-01,-1.99,212.89181795851962,Óleo de soja,7385
2025-04-01,-0.97,210.82676732432196,Óleo de soja,7385
2025-05-01,-1.28,208.12818470257062,Óleo de soja,7385
2025-06-01,-0.59,206.90022841282544,Óleo de soja,7385
2025-07-01,0.46,207.85196946352443,Óleo de soja,7385
2025-08-01,-0.15,207.54019150932916,Óleo de soja,7385
2025-09-01,3.57,214.94937634621223,Óleo de soja,7385
2025-10-01,4.64,224.9230274086765,Óleo de soja,7385
2025-11-01,2.95,231.55825671723247,Óleo de soja,7385
2025-12-01,-0.34,230.7709586443939,Óleo de soja,7385
2026-01-01,-3.32,223.1093628174,Óleo de soja,7385
2026-02-01,-2.62,217.26389751158413,Óleo de soja,7385
2026-03-01,-0.7,215.74305022900305,Óleo de soja,7385
2026-04-01,0.73,217.31797449567478,Óleo de soja,7385
2026-05-01,-0.87,215.4273081175624,Óleo de soja,7385
2026-06-01,-2.78,209.43842895189417,Óleo de soja,7385
2026-07-01,-1.56,206.17118946024462,Óleo de soja,7385
2026-08-01,0.48,207.16081116965378,Óleo de soja,7385
2019-01-01,-0.26,100.0,Café moído,7392
2019-02-01,-0.86,99.14,Café moído,7392
2019-03-01,-0.69,98.455934,Café moído,7392
2019-04-01,-0.34,98.1211838244,Café moído,7392
2019-05-01,-1.16,96.98297809203696,Café moído,7392
2019-06-01,-0.33,96.66293426433324,Café moído,7392
2019-07-01,-1.74,94.98099920813385,Café moído,7392
2019-08-01,-0.44,94.56308281161807,Café moído,7392
2019-09-01,-1.67,92.98387932866405,Café moído,7392
2019-10-01,0.09,93.06756482005983,Café moído,7392
2019-11-01,-0.24,92.84420266449169,Café moído,7392
2019-12-01,0.0,92.84420266449169,Café moído,7392
2020-01-01,-0.23,92.63066099836337,Café moído,7392
2020-02-01,-0.44,92.22308608997058,Café moído,7392
2020-03-01,1.23,93.35743004887722,Café moído,7392
2020-04-01,1.3,94.57107663951261,Café moído,7392
2020-05-01,1.16,95.66810112853096,Café moído,7392
2020-06-01,0.47,96.11774120383505,Café moído,7392
2020-07-01,0.64,96.73289474753959,Café moído,7392
2020-08-01,-0.68,96.07511106325632,Café moído,7392
2020-09-01,0.58,96.63234670742321,Café moído,7392
2020-10-01,-0.08,96.55504083005727,Café moído,7392
2020-11-01,1.59,98.09026597925518,Café moído,7392
2020-12-01,1.95,100.00302616585066,Café moído,7392
2021-01-01,0.32,100.32303584958139,Café moído,7392
2021-02-01,-0.23,100.09229286712736,Café moído,7392
2021-03-01,0.7,100.79293891719723,Café moído,7392
2021-04-01,0.74,101.5388066651845,Café moído,7392
2021-05-01,1.57,103.13296592982789,Café moído,7392
2021-06-01,3.41,106.64980006803502,Café moído,7392
2021-07-01,2.68,109.50801470985836,Café moído,7392
2021-08-01,7.51,117.73206661456871,Café moído,7392
2021-09-01,5.5,124.20733027836998,Café moído,7392
2021-10-01,4.57,129.8836052720915,Café moído,7392
2021-11-01,6.87,138.80660895428417,Café moído,7392
2021-12-01,8.24,150.2442735321172,Café moído,7392
2022-01-01,4.75,157.38087652489278,Café moído,7392
2022-02-01,2.51,161.33113652566757,Café moído,7392
2022-03-01,2.87,165.96134014395423,Café moído,7392
2022-04-01,2.5,170.11037364755308,Café moído,7392
2022-05-01,1.25,172.2367533181475,Café moído,7392
2022-06-01,0.21,172.5984505001156,Café moído,7392
2022-07-01,0.33,173.168025386766,Café moído,7392
2022-08-01,-0.5,172.30218525983219,Café moído,7392
2022-09-01,-0.76,170.99268865185746,Café moído,7392
2022-10-01,0.22,171.36887256689155,Café moído,7392
2022-11-01,-0.16,171.0946823707845,Café moído,7392
2022-12-01,-0.31,170.56428885543508,Café moído,7392
2023-01-01,0.17,170.85424814648934,Café moído,7392
2023-02-01,-0.92,169.28238906354164,Café moído,7392
2023-03-01,-1.41,166.8955073777457,Café moído,7392
2023-04-01,-0.61,165.87744478274146,Café moído,7392
2023-05-01,-0.7,164.71630266926226,Café moído,7392
2023-06-01,0.01,164.73277429952918,Café moído,7392
2023-07-01,-1.58,162.1299964655966,Café moído,7392
2023-08-01,-1.5,159.69804651861264,Café moído,7392
2023-09-01,-1.08,157.97330761621163,Café moído,7392
2023-10-01,-1.23,156.03023593253224,Café moído,7392
2023-11-01,-0.37,155.45292405958187,Café moído,7392
2023-12-01,-0.23,155.09538233424485,Café moído,7392
2024-01-01,0.8,156.3361453929188,Café moído,7392
2024-02-01,0.21,156.66445129824393,Café moído,7392
2024-03-01,1.08,158.35642737226496,Café moído,7392
2024-04-01,3.08,163.23380533533071,Café moído,7392
2024-05-01,3.42,168.81640147779902,Café moído,7392
2024-06-01,3.03,173.93153844257634,Café moído,7392
2024-07-01,3.27,179.61909974964857,Café moído,7392
2024-08-01,3.7,186.26500644038555,Café moído,7392
2024-09-01,4.02,193.75285969928905,Café moído,7392
2024-10-01,4.01,201.52234937323055,Café moído,7392
2024-11-01,2.33,206.21782011362686,Café moído,7392
2024-12-01,4.99,216.50808933729684,Café moído,7392
2025-01-01,8.56,235.04118178456943,Café moído,7392
2025-02-01,10.77,260.35511706276753,Café moído,7392
2025-03-01,8.14,281.5480235916768,Café moído,7392
2025-04-01,4.48,294.16137504858386,Café moído,7392
2025-05-01,4.59,307.6633821633139,Café moído,7392
2025-06-01,0.56,309.38629710342843,Café moído,7392
2025-07-01,-1.01,306.26149550268383,Café moído,7392
2025-08-01,-2.17,299.6156210502756,Café moído,7392
2025-09-01,-0.06,299.4358516776454,Café moído,7392
2025-10-01,-0.31,298.5076005374447,Café moído,7392
2025-11-01,-1.36,294.44789717013543,Café moído,7392
2025-12-01,-0.26,293.68233263749306,Café moído,7392
2026-01-01,-1.18,290.21688111237063,Café moído,7392
2026-02-01,-1.2,286.73427853902217,Café moído,7392
2026-03-01,-1.28,283.06407977372265,Café moído,7392
2026-04-01,-2.3,276.55360593892703,Café moído,7392
2026-05-01,-2.38,269.97163011758056,Café moído,7392
2026-06-01,-3.72,259.92868547720656,Café moído,7392
2026-07-01,-2.45,253.560432683015,Café moído,7392
2026-08-01,-1.86,248.84420863511093,Café moído,7392
