ano_mes,item,codigo_sidra,peso
2019-01-01,Arroz,7173,0.5915
2019-02-01,Arroz,7173,0.5909
2019-03-01,Arroz,7173,0.5808
2019-04-01,Arroz,7173,0.5741
2019-05-01,Arroz,7173,0.5698
2019-06-01,Arroz,7173,0.5667
2019-07-01,Arroz,7173,0.5694
2019-08-01,Arroz,7173,0.5714
2019-09-01,Arroz,7173,0.5748
2019-10-01,Arroz,7173,0.5786
2019-11-01,Arroz,7173,0.5784
2019-12-01,Arroz,7173,0.5792
2020-01-01,Arroz,7173,0.4753
2020-02-01,Arroz,7173,0.4806
2020-03-01,Arroz,7173,0.4842
2020-04-01,Arroz,7173,0.4915
2020-05-01,Arroz,7173,0.5121
2020-06-01,Arroz,7173,0.5244
2020-07-01,Arroz,7173,0.5377
2020-08-01,Arroz,7173,0.5474
2020-09-01,Arroz,7173,0.563
2020-10-01,Arroz,7173,0.6596
2020-11-01,Arroz,7173,0.7412
2020-12-01,Arroz,7173,0.7806
2021-01-01,Arroz,7173,0.7995
2021-02-01,Arroz,7173,0.7995
2021-03-01,Arroz,7173,0.7805
2021-04-01,Arroz,7173,0.757
2021-05-01,Arroz,7173,0.7506
2021-06-01,Arroz,7173,0.7358
2021-07-01,Arroz,7173,0.7243
2021-08-01,Arroz,7173,0.7007
2021-09-01,Arroz,7173,0.6803
2021-10-01,Arroz,7173,0.6661
2021-11-01,Arroz,7173,0.6486
2021-12-01,Arroz,7173,0.6195
2022-01-01,Arroz,7173,0.6042
2022-02-01,Arroz,7173,0.5847
2022-03-01,Arroz,7173,0.5795
2022-04-01,Arroz,7173,0.5855
2022-05-01,Arroz,7173,0.5923
2022-06-01,Arroz,7173,0.591
2022-07-01,Arroz,7173,0.5827
2022-08-01,Arroz,7173,0.5863
2022-09-01,Arroz,7173,0.5861
2022-10-01,Arroz,7173,0.584
2022-11-01,Arroz,7173,0.5809
2022-12-01,Arroz,7173,0.587
2023-01-01,Arroz,7173,0.6053
2023-02-01,Arroz,7173,0.621
2023-03-01,Arroz,7173,0.6277
2023-04-01,Arroz,7173,0.629
2023-05-01,Arroz,7173,0.6274
2023-06-01,Arroz,7173,0.6287
2023-07-01,Arroz,7173,0.627
2023-08-01,Arroz,7173,0.6217
2023-09-01,Arroz,7173,0.6272
2023-10-01,Arroz,7173,0.6456
2023-11-01,Arroz,7173,0.6634
2023-12-01,Arroz,7173,0.6857
2024-01-01,Arroz,7173,0.7214
2024-02-01,Arroz,7173,0.7637
2024-03-01,Arroz,7173,0.7853
2024-04-01,Arroz,7173,0.7767
2024-05-01,Arroz,7173,0.759
2024-06-01,Arroz,7173,0.7666
2024-07-01,Arroz,7173,0.7821
2024-08-01,Arroz,7173,0.7751
2024-09-01,Arroz,7173,0.7682
2024-10-01,Arroz,7173,0.7655
2024-11-01,Arroz,7173,0.761
2024-12-01,Arroz,7173,0.7565
2025-01-01,Arroz,7173,0.7437
2025-02-01,Arroz,7173,0.7386
2025-03-01,Arroz,7173,0.7174
2025-04-01,Arroz,7173,0.7006
2025-05-01,Arroz,7173,0.6684
2025-06-01,Arroz,7173,0.6399
2025-07-01,Arroz,7173,0.6177
2025-08-01,Arroz,7173,0.5985
2025-09-01,Arroz,7173,0.5836
2025-10-01,Arroz,7173,0.5682
2025-11-01,Arroz,7173,0.5536
2025-12-01,Arroz,7173,0.5368
2026-01-01,Arroz,7173,0.5243
2026-02-01,Arroz,7173,0.5144
2026-03-01,Arroz,7173,0.4988
2026-04-01,Arroz,7173,0.493
2026-05-01,Arroz,7173,0.5019
2026-06-01,Arroz,7173,0.5076
2026-07-01,Arroz,7173,0.5043
2026-08-01,Arroz,7173,0.5018
2019-01-01,Café moído,7392,0.3613
2019-02-01,Café moído,7392,0.3593
2019-03-01,Café moído,7392,0.3546
2019-04-01,Café moído,7392,0.3496
2019-05-01,Café moído,7392,0.3464
2019-06-01,Café moído,7392,0.342
2019-07-01,Café moído,7392,0.3407
2019-08-01,Café moído,7392,0.3343
2019-09-01,Café moído,7392,0.3324
2019-10-01,Café moído,7392,0.327
2019-11-01,Café moído,7392,0.327
2019-12-01,Café moído,7392,0.3244
2020-01-01,Café moído,7392,0.2839
2020-02-01,Café moído,7392,0.2827
2020-03-01,Café moído,7392,0.2807
2020-04-01,Café moído,7392,0.2839
2020-05-01,Café moído,7392,0.2885
2020-06-01,Café moído,7392,0.293
2020-07-01,Café moído,7392,0.2935
2020-08-01,Café moído,7392,0.2943
2020-09-01,Café moído,7392,0.2917
2020-10-01,Café moído,7392,0.2915
2020-11-01,Café moído,7392,0.2887
2020-12-01,Café moído,7392,0.2907
2021-01-01,Café moído,7392,0.2925
2021-02-01,Café moído,7392,0.2926
2021-03-01,Café moído,7392,0.2895
2021-04-01,Café moído,7392,0.2888
2021-05-01,Café moído,7392,0.29
2021-06-01,Café moído,7392,0.2921
2021-07-01,Café moído,7392,0.3005
2021-08-01,Café moído,7392,0.3057
2021-09-01,Café moído,7392,0.3258
2021-10-01,Café moído,7392,0.3398
2021-11-01,Café moído,7392,0.351
2021-12-01,Café moído,7392,0.3716
2022-01-01,Café moído,7392,0.3993
2022-02-01,Café moído,7392,0.4157
2022-03-01,Café moído,7392,0.4218
2022-04-01,Café moído,7392,0.4269
2022-05-01,Café moído,7392,0.4331
2022-06-01,Café moído,7392,0.4364
2022-07-01,Café moído,7392,0.4343
2022-08-01,Café moído,7392,0.4388
2022-09-01,Café moído,7392,0.4382
2022-10-01,Café moído,7392,0.4361
2022-11-01,Café moído,7392,0.4345
2022-12-01,Café moído,7392,0.4321
2023-01-01,Café moído,7392,0.4281
2023-02-01,Café moído,7392,0.4265
2023-03-01,Café moído,7392,0.4191
2023-04-01,Café moído,7392,0.4104
2023-05-01,Café moído,7392,0.4054
2023-06-01,Café moído,7392,0.4016
2023-07-01,Café moído,7392,0.402
2023-08-01,Café moído,7392,0.3952
2023-09-01,Café moído,7392,0.3884
2023-10-01,Café moído,7392,0.3832
2023-11-01,Café moído,7392,0.3776
2023-12-01,Café moído,7392,0.3752
2024-01-01,Café moído,7392,0.3722
2024-02-01,Café moído,7392,0.3735
2024-03-01,Café moído,7392,0.3712
2024-04-01,Café moído,7392,0.3745
2024-05-01,Café moído,7392,0.3847
2024-06-01,Café moído,7392,0.396
2024-07-01,Café moído,7392,0.4071
2024-08-01,Café moído,7392,0.4188
2024-09-01,Café moído,7392,0.4345
2024-10-01,Café moído,7392,0.4499
2024-11-01,Café moído,7392,0.4653
2024-12-01,Café moído,7392,0.4742
2025-01-01,Café moído,7392,0.4953
2025-02-01,Café moído,7392,0.5368
2025-03-01,Café moído,7392,0.5869
2025-04-01,Café moído,7392,0.6312
2025-05-01,Café moído,7392,0.6568
2025-06-01,Café moído,7392,0.6851
2025-07-01,Café moído,7392,0.6872
2025-08-01,Café moído,7392,0.6786
2025-09-01,Café moído,7392,0.6645
2025-10-01,Café moído,7392,0.661
2025-11-01,Café moído,7392,0.6586
2025-12-01,Café moído,7392,0.6485
2026-01-01,Café moído,7392,0.6448
2026-02-01,Café moído,7392,0.635
2026-03-01,Café moído,7392,0.623
2026-04-01,Café moído,7392,0.6096
2026-05-01,Café moído,7392,0.5916
2026-06-01,Café moído,7392,0.5742
2026-07-01,Café moído,7392,0.552
2026-08-01,Café moído,7392,0.5382
2019-01-01,Carne bovina (patinho),7295,0.1975
2019-02-01,Carne bovina (patinho),7295,0.1962
2019-03-01,Carne bovina (patinho),7295,0.1926
2019-04-01,Carne bovina (patinho),7295,0.1921
2019-05-01,Carne bovina (patinho),7295,0.1911
2019-06-01,Carne bovina (patinho),7295,0.1936
2019-07-01,Carne bovina (patinho),7295,0.1925
2019-08-01,Carne bovina (patinho),7295,0.1953
2019-09-01,Carne bovina (patinho),7295,0.1949
2019-10-01,Carne bovina (patinho),7295,0.1938
2019-11-01,Carne bovina (patinho),7295,0.1954
2019-12-01,Carne bovina (patinho),7295,0.2143
2020-01-01,Carne bovina (patinho),7295,0.1684
2020-02-01,Carne bovina (patinho),7295,0.154
2020-03-01,Carne bovina (patinho),7295,0.1471
2020-04-01,Carne bovina (patinho),7295,0.1492
2020-05-01,Carne bovina (patinho),7295,0.1463
2020-06-01,Carne bovina (patinho),7295,0.1487
2020-07-01,Carne bovina (patinho),7295,0.1515
2020-08-01,Carne bovina (patinho),7295,0.1522
2020-09-01,Carne bovina (patinho),7295,0.1556
2020-10-01,Carne bovina (patinho),7295,0.1605
2020-11-01,Carne bovina (patinho),7295,0.163
2020-12-01,Carne bovina (patinho),7295,0.1749
2021-01-01,Carne bovina (patinho),7295,0.1802
2021-02-01,Carne bovina (patinho),7295,0.1779
2021-03-01,Carne bovina (patinho),7295,0.1808
2021-04-01,Carne bovina (patinho),7295,0.1832
2021-05-01,Carne bovina (patinho),7295,0.1872
2021-06-01,Carne bovina (patinho),7295,0.1911
2021-07-01,Carne bovina (patinho),7295,0.1944
2021-08-01,Carne bovina (patinho),7295,0.1941
2021-09-01,Carne bovina (patinho),7295,0.1929
2021-10-01,Carne bovina (patinho),7295,0.187
2021-11-01,Carne bovina (patinho),7295,0.1856
2021-12-01,Carne bovina (patinho),7295,0.1846
2022-01-01,Carne bovina (patinho),7295,0.1823
2022-02-01,Carne bovina (patinho),7295,0.1854
2022-03-01,Carne bovina (patinho),7295,0.1836
2022-04-01,Carne bovina (patinho),7295,0.1844
2022-05-01,Carne bovina (patinho),7295,0.1858
2022-06-01,Carne bovina (patinho),7295,0.1854
2022-07-01,Carne bovina (patinho),7295,0.1823
2022-08-01,Carne bovina (patinho),7295,0.1816
2022-09-01,Carne bovina (patinho),7295,0.1812
2022-10-01,Carne bovina (patinho),7295,0.1817
2022-11-01,Carne bovina (patinho),7295,0.1767
2022-12-01,Carne bovina (patinho),7295,0.1791
2023-01-01,Carne bovina (patinho),7295,0.1766
2023-02-01,Carne bovina (patinho),7295,0.1762
2023-03-01,Carne bovina (patinho),7295,0.1734
2023-04-01,Carne bovina (patinho),7295,0.1688
2023-05-01,Carne bovina (patinho),7295,0.1689
2023-06-01,Carne bovina (patinho),7295,0.1673
2023-07-01,Carne bovina (patinho),7295,0.1629
2023-08-01,Carne bovina (patinho),7295,0.1585
2023-09-01,Carne bovina (patinho),7295,0.156
2023-10-01,Carne bovina (patinho),7295,0.1513
2023-11-01,Carne bovina (patinho),7295,0.1536
2023-12-01,Carne bovina (patinho),7295,0.1547
2024-01-01,Carne bovina (patinho),7295,0.1552
2024-02-01,Carne bovina (patinho),7295,0.1526
2024-03-01,Carne bovina (patinho),7295,0.1522
2024-04-01,Carne bovina (patinho),7295,0.1517
2024-05-01,Carne bovina (patinho),7295,0.1497
2024-06-01,Carne bovina (patinho),7295,0.1489
2024-07-01,Carne bovina (patinho),7295,0.1486
2024-08-01,Carne bovina (patinho),7295,0.1467
2024-09-01,Carne bovina (patinho),7295,0.15
2024-10-01,Carne bovina (patinho),7295,0.154
2024-11-01,Carne bovina (patinho),7295,0.1632
2024-12-01,Carne bovina (patinho),7295,0.1761
2025-01-01,Carne bovina (patinho),7295,0.1834
2025-02-01,Carne bovina (patinho),7295,0.1826
2025-03-01,Carne bovina (patinho),7295,0.1807
2025-04-01,Carne bovina (patinho),7295,0.1761
2025-05-01,Carne bovina (patinho),7295,0.1758
2025-06-01,Carne bovina (patinho),7295,0.1777
2025-07-01,Carne bovina (patinho),7295,0.1768
2025-08-01,Carne bovina (patinho),7295,0.1743
2025-09-01,Carne bovina (patinho),7295,0.174
2025-10-01,Carne bovina (patinho),7295,0.1743
2025-11-01,Carne bovina (patinho),7295,0.175
2025-12-01,Carne bovina (patinho),7295,0.1785
2026-01-01,Carne bovina (patinho),7295,0.1793
2026-02-01,Carne bovina (patinho),7295,0.1808
2026-03-01,Carne bovina (patinho),7295,0.179
2026-04-01,Carne bovina (patinho),7295,0.1804
2026-05-01,Carne bovina (patinho),7295,0.1833
2026-06-01,Carne bovina (patinho),7295,0.1839
2026-07-01,Carne bovina (patinho),7295,0.1843
2026-08-01,Carne bovina (patinho),7295,0.185
2019-01-01,DIESEL,7659,0.1558
2019-02-01,DIESEL,7659,0.1529
2019-03-01,DIESEL,7659,0.1527
2019-04-01,DIESEL,7659,0.1539
2019-05-01,DIESEL,7659,0.155
2019-06-01,DIESEL,7659,0.158
2019-07-01,DIESEL,7659,0.1566
2019-08-01,DIESEL,7659,0.1537
2019-09-01,DIESEL,7659,0.1524
2019-10-01,DIESEL,7659,0.1563
2019-11-01,DIESEL,7659,0.159
2019-12-01,DIESEL,7659,0.1587
2020-01-01,DIESEL,7659,0.1997
2020-02-01,DIESEL,7659,0.202
2020-03-01,DIESEL,7659,0.1987
2020-04-01,DIESEL,7659,0.1936
2020-05-01,DIESEL,7659,0.1824
2020-06-01,DIESEL,7659,0.1713
2020-07-01,DIESEL,7659,0.1709
2020-08-01,DIESEL,7659,0.1774
2020-09-01,DIESEL,7659,0.1814
2020-10-01,DIESEL,7659,0.1846
2020-11-01,DIESEL,7659,0.1822
2020-12-01,DIESEL,7659,0.1834
2021-01-01,DIESEL,7659,0.1847
2021-02-01,DIESEL,7659,0.1891
2021-03-01,DIESEL,7659,0.1975
2021-04-01,DIESEL,7659,0.2133
2021-05-01,DIESEL,7659,0.2124
2021-06-01,DIESEL,7659,0.2203
2021-07-01,DIESEL,7659,0.2216
2021-08-01,DIESEL,7659,0.2216
2021-09-01,DIESEL,7659,0.2236
2021-10-01,DIESEL,7659,0.2225
2021-11-01,DIESEL,7659,0.2324
2021-12-01,DIESEL,7659,0.2474
2022-01-01,DIESEL,7659,0.2448
2022-02-01,DIESEL,7659,0.2492
2022-03-01,DIESEL,7659,0.2508
2022-04-01,DIESEL,7659,0.2804
2022-05-01,DIESEL,7659,0.2907
2022-06-01,DIESEL,7659,0.3001
2022-07-01,DIESEL,7659,0.3093
2022-08-01,DIESEL,7659,0.3262
2022-09-01,DIESEL,7659,0.3153
2022-10-01,DIESEL,7659,0.3018
2022-11-01,DIESEL,7659,0.2934
2022-12-01,DIESEL,7659,0.2925
2023-01-01,DIESEL,7659,0.2847
2023-02-01,DIESEL,7659,0.2792
2023-03-01,DIESEL,7659,0.2679
2023-04-01,DIESEL,7659,0.2562
2023-05-01,DIESEL,7659,0.2489
2023-06-01,DIESEL,7659,0.2335
2023-07-01,DIESEL,7659,0.2181
2023-08-01,DIESEL,7659,0.2149
2023-09-01,DIESEL,7659,0.2326
2023-10-01,DIESEL,7659,0.2555
2023-11-01,DIESEL,7659,0.2557
2023-12-01,DIESEL,7659,0.2573
2024-01-01,DIESEL,7659,0.2508
2024-02-01,DIESEL,7659,0.2472
2024-03-01,DIESEL,7659,0.2456
2024-04-01,DIESEL,7659,0.2434
2024-05-01,DIESEL,7659,0.2432
2024-06-01,DIESEL,7659,0.2433
2024-07-01,DIESEL,7659,0.2412
2024-08-01,DIESEL,7659,0.2428
2024-09-01,DIESEL,7659,0.2438
2024-10-01,DIESEL,7659,0.2424
2024-11-01,DIESEL,7659,0.2406
2024-12-01,DIESEL,7659,0.2397
2025-01-01,DIESEL,7659,0.2408
2025-02-01,DIESEL,7659,0.2427
2025-03-01,DIESEL,7659,0.25
2025-04-01,DIESEL,7659,0.2495
2025-05-01,DIESEL,7659,0.2453
2025-06-01,DIESEL,7659,0.2414
2025-07-01,DIESEL,7659,0.2375
2025-08-01,DIESEL,7659,0.2356
2025-09-01,DIESEL,7659,0.2363
2025-10-01,DIESEL,7659,0.2361
2025-11-01,DIESEL,7659,0.2348
2025-12-01,DIESEL,7659,0.2342
2026-01-01,DIESEL,7659,0.2329
2026-02-01,DIESEL,7659,0.2332
2026-03-01,DIESEL,7659,0.2323
2026-04-01,DIESEL,7659,0.2622
2026-05-01,DIESEL,7659,0.2721
2026-06-01,DIESEL,7659,0.2643
2026-07-01,DIESEL,7659,0.2606
2026-08-01,DIESEL,7659,0.2574
2019-01-01,ETANOL,7658,0.9413
2019-02-01,ETANOL,7658,0.9313
2019-03-01,ETANOL,7658,0.92
2019-04-01,ETANOL,7658,0.9771
2019-05-01,ETANOL,7658,0.9776
2019-06-01,ETANOL,7658,0.972
2019-07-01,ETANOL,7658,0.9227
2019-08-01,ETANOL,7658,0.892
2019-09-01,ETANOL,7658,0.9106
2019-10-01,ETANOL,7658,0.9151
2019-11-01,ETANOL,7658,0.9316
2019-12-01,ETANOL,7658,0.9489
2020-01-01,ETANOL,7658,0.6716
2020-02-01,ETANOL,7658,0.6872
2020-03-01,ETANOL,7658,0.6923
2020-04-01,ETANOL,7658,0.6724
2020-05-01,ETANOL,7658,0.5841
2020-06-01,ETANOL,7658,0.5512
2020-07-01,ETANOL,7658,0.581
2020-08-01,ETANOL,7658,0.5834
2020-09-01,ETANOL,7658,0.5892
2020-10-01,ETANOL,7658,0.5988
2020-11-01,ETANOL,7658,0.6048
2020-12-01,ETANOL,7658,0.654
2021-01-01,ETANOL,7658,0.6547
2021-02-01,ETANOL,7658,0.6644
2021-03-01,ETANOL,7658,0.7122
2021-04-01,ETANOL,7658,0.7944
2021-05-01,ETANOL,7658,0.7535
2021-06-01,ETANOL,7658,0.8439
2021-07-01,ETANOL,7658,0.8574
2021-08-01,ETANOL,7658,0.8425
2021-09-01,ETANOL,7658,0.8719
2021-10-01,ETANOL,7658,0.895
2021-11-01,ETANOL,7658,0.9144
2021-12-01,ETANOL,7658,1.0011
2022-01-01,ETANOL,7658,0.9648
2022-02-01,ETANOL,7658,0.9315
2022-03-01,ETANOL,7658,0.8751
2022-04-01,ETANOL,7658,0.8869
2022-05-01,ETANOL,7658,0.9521
2022-06-01,ETANOL,7658,0.9442
2022-07-01,ETANOL,7658,0.878
2022-08-01,ETANOL,7658,0.7827
2022-09-01,ETANOL,7658,0.7167
2022-10-01,ETANOL,7658,0.6295
2022-11-01,ETANOL,7658,0.6344
2022-12-01,ETANOL,7658,0.6795
2023-01-01,ETANOL,7658,0.6785
2023-02-01,ETANOL,7658,0.6797
2023-03-01,ETANOL,7658,0.6666
2023-04-01,ETANOL,7658,0.6834
2023-05-01,ETANOL,7658,0.6853
2023-06-01,ETANOL,7658,0.6861
2023-07-01,ETANOL,7658,0.6514
2023-08-01,ETANOL,7658,0.6614
2023-09-01,ETANOL,7658,0.632
2023-10-01,ETANOL,7658,0.6263
2023-11-01,ETANOL,7658,0.6185
2023-12-01,ETANOL,7658,0.6052
2024-01-01,ETANOL,7658,0.5945
2024-02-01,ETANOL,7658,0.583
2024-03-01,ETANOL,7658,0.6041
2024-04-01,ETANOL,7658,0.6065
2024-05-01,ETANOL,7658,0.6319
2024-06-01,ETANOL,7658,0.6327
2024-07-01,ETANOL,7658,0.633
2024-08-01,ETANOL,7658,0.6675
2024-09-01,ETANOL,7658,0.6664
2024-10-01,ETANOL,7658,0.6681
2024-11-01,ETANOL,7658,0.6603
2024-12-01,ETANOL,7658,0.6563
2025-01-01,ETANOL,7658,0.6655
2025-02-01,ETANOL,7658,0.6767
2025-03-01,ETANOL,7658,0.6924
2025-04-01,ETANOL,7658,0.6891
2025-05-01,ETANOL,7658,0.6806
2025-06-01,ETANOL,7658,0.673
2025-07-01,ETANOL,7658,0.6671
2025-08-01,ETANOL,7658,0.6537
2025-09-01,ETANOL,7658,0.6486
2025-10-01,ETANOL,7658,0.6598
2025-11-01,ETANOL,7658,0.6648
2025-12-01,ETANOL,7658,0.6658
2026-01-01,ETANOL,7658,0.6829
2026-02-01,ETANOL,7658,0.7041
2026-03-01,ETANOL,7658,0.7024
2026-04-01,ETANOL,7658,0.7035
2026-05-01,ETANOL,7658,0.7033
2026-06-01,ETANOL,7658,0.6561
2026-07-01,ETANOL,7658,0.6352
2026-08-01,ETANOL,7658,0.6201
2019-01-01,Feijão carioca,12222,0.1553
2019-02-01,Feijão carioca,12222,0.1854
2019-03-01,Feijão carioca,12222,0.2796
2019-04-01,Feijão carioca,12222,0.3137
2019-05-01,Feijão carioca,12222,0.2836
2019-06-01,Feijão carioca,12222,0.2462
2019-07-01,Feijão carioca,12222,0.2097
2019-08-01,Feijão carioca,12222,0.1909
2019-09-01,Feijão carioca,12222,0.1845
2019-10-01,Feijão carioca,12222,0.1792
2019-11-01,Feijão carioca,12222,0.1794
2019-12-01,Feijão carioca,12222,0.1903
2020-01-01,Feijão carioca,12222,0.135
2020-02-01,Feijão carioca,12222,0.1337
2020-03-01,Feijão carioca,12222,0.1287
2020-04-01,Feijão carioca,12222,0.127
2020-05-01,Feijão carioca,12222,0.1495
2020-06-01,Feijão carioca,12222,0.163
2020-07-01,Feijão carioca,12222,0.1706
2020-08-01,Feijão carioca,12222,0.1599
2020-09-01,Feijão carioca,12222,0.1501
2020-10-01,Feijão carioca,12222,0.1486
2020-11-01,Feijão carioca,12222,0.1478
2020-12-01,Feijão carioca,12222,0.1476
2021-01-01,Feijão carioca,12222,0.15
2021-02-01,Feijão carioca,12222,0.1515
2021-03-01,Feijão carioca,12222,0.1479
2021-04-01,Feijão carioca,12222,0.1469
2021-05-01,Feijão carioca,12222,0.1474
2021-06-01,Feijão carioca,12222,0.1443
2021-07-01,Feijão carioca,12222,0.1446
2021-08-01,Feijão carioca,12222,0.1421
2021-09-01,Feijão carioca,12222,0.1397
2021-10-01,Feijão carioca,12222,0.1378
2021-11-01,Feijão carioca,12222,0.1341
2021-12-01,Feijão carioca,12222,0.13
2022-01-01,Feijão carioca,12222,0.1256
2022-02-01,Feijão carioca,12222,0.125
2022-03-01,Feijão carioca,12222,0.1297
2022-04-01,Feijão carioca,12222,0.1359
2022-05-01,Feijão carioca,12222,0.1441
2022-06-01,Feijão carioca,12222,0.1539
2022-07-01,Feijão carioca,12222,0.1677
2022-08-01,Feijão carioca,12222,0.166
2022-09-01,Feijão carioca,12222,0.1576
2022-10-01,Feijão carioca,12222,0.1506
2022-11-01,Feijão carioca,12222,0.1443
2022-12-01,Feijão carioca,12222,0.142
2023-01-01,Feijão carioca,12222,0.1514
2023-02-01,Feijão carioca,12222,0.1591
2023-03-01,Feijão carioca,12222,0.1597
2023-04-01,Feijão carioca,12222,0.1591
2023-05-01,Feijão carioca,12222,0.1652
2023-06-01,Feijão carioca,12222,0.1647
2023-07-01,Feijão carioca,12222,0.1542
2023-08-01,Feijão carioca,12222,0.1398
2023-09-01,Feijão carioca,12222,0.128
2023-10-01,Feijão carioca,12222,0.118
2023-11-01,Feijão carioca,12222,0.1122
2023-12-01,Feijão carioca,12222,0.1103
2024-01-01,Feijão carioca,12222,0.1248
2024-02-01,Feijão carioca,12222,0.1362
2024-03-01,Feijão carioca,12222,0.1419
2024-04-01,Feijão carioca,12222,0.1427
2024-05-01,Feijão carioca,12222,0.1366
2024-06-01,Feijão carioca,12222,0.1278
2024-07-01,Feijão carioca,12222,0.122
2024-08-01,Feijão carioca,12222,0.1193
2024-09-01,Feijão carioca,12222,0.1144
2024-10-01,Feijão carioca,12222,0.1123
2024-11-01,Feijão carioca,12222,0.1111
2024-12-01,Feijão carioca,12222,0.1101
2025-01-01,Feijão carioca,12222,0.1086
2025-02-01,Feijão carioca,12222,0.1069
2025-03-01,Feijão carioca,12222,0.102
2025-04-01,Feijão carioca,12222,0.1022
2025-05-01,Feijão carioca,12222,0.1043
2025-06-01,Feijão carioca,12222,0.1052
2025-07-01,Feijão carioca,12222,0.1044
2025-08-01,Feijão carioca,12222,0.1017
2025-09-01,Feijão carioca,12222,0.0995
2025-10-01,Feijão carioca,12222,0.0984
2025-11-01,Feijão carioca,12222,0.0999
2025-12-01,Feijão carioca,12222,0.1005
2026-01-01,Feijão carioca,12222,0.0997
2026-02-01,Feijão carioca,12222,0.0987
2026-03-01,Feijão carioca,12222,0.1094
2026-04-01,Feijão carioca,12222,0.1252
2026-05-01,Feijão carioca,12222,0.1286
2026-06-01,Feijão carioca,12222,0.1361
2026-07-01,Feijão carioca,12222,0.1473
2026-08-01,Feijão carioca,12222,0.144
2019-01-01,GASOLINA,7657,4.4024
2019-02-01,GASOLINA,7657,4.2834
2019-03-01,GASOLINA,7657,4.212
2019-04-01,GASOLINA,7657,4.3015
2019-05-01,GASOLINA,7657,4.3904
2019-06-01,GASOLINA,7657,4.4986
2019-07-01,GASOLINA,7657,4.4069
2019-08-01,GASOLINA,7657,4.2753
2019-09-01,GASOLINA,7657,4.2515
2019-10-01,GASOLINA,7657,4.2514
2019-11-01,GASOLINA,7657,4.3017
2019-12-01,GASOLINA,7657,4.2975
2020-01-01,GASOLINA,7657,5.1495
2020-02-01,GASOLINA,7657,5.185
2020-03-01,GASOLINA,7657,5.1344
2020-04-01,GASOLINA,7657,5.0428
2020-05-01,GASOLINA,7657,4.5878
2020-06-01,GASOLINA,7657,4.4052
2020-07-01,GASOLINA,7657,4.536
2020-08-01,GASOLINA,7657,4.6737
2020-09-01,GASOLINA,7657,4.8113
2020-10-01,GASOLINA,7657,4.8726
2020-11-01,GASOLINA,7657,4.8716
2020-12-01,GASOLINA,7657,4.9083
2021-01-01,GASOLINA,7657,4.9164
2021-02-01,GASOLINA,7657,5.0107
2021-03-01,GASOLINA,7657,5.3202
2021-04-01,GASOLINA,7657,5.8624
2021-05-01,GASOLINA,7657,5.8183
2021-06-01,GASOLINA,7657,5.9363
2021-07-01,GASOLINA,7657,5.9454
2021-08-01,GASOLINA,7657,5.9796
2021-09-01,GASOLINA,7657,6.0939
2021-10-01,GASOLINA,7657,6.1629
2021-11-01,GASOLINA,7657,6.2761
2021-12-01,GASOLINA,7657,6.675
2022-01-01,GASOLINA,7657,6.5822
2022-02-01,GASOLINA,7657,6.4742
2022-03-01,GASOLINA,7657,6.3805
2022-04-01,GASOLINA,7657,6.7133
2022-05-01,GASOLINA,7657,6.8084
2022-06-01,GASOLINA,7657,6.8393
2022-07-01,GASOLINA,7657,6.7443
2022-08-01,GASOLINA,7657,5.744
2022-09-01,GASOLINA,7657,5.0966
2022-10-01,GASOLINA,7657,4.6857
2022-11-01,GASOLINA,7657,4.5855
2022-12-01,GASOLINA,7657,4.7029
2023-01-01,GASOLINA,7657,4.6249
2023-02-01,GASOLINA,7657,4.6404
2023-03-01,GASOLINA,7657,4.6555
2023-04-01,GASOLINA,7657,5.0061
2023-05-01,GASOLINA,7657,4.9503
2023-06-01,GASOLINA,7657,4.8435
2023-07-01,GASOLINA,7657,4.7924
2023-08-01,GASOLINA,7657,5.0125
2023-09-01,GASOLINA,7657,5.062
2023-10-01,GASOLINA,7657,5.1909
2023-11-01,GASOLINA,7657,5.0988
2023-12-01,GASOLINA,7657,4.9999
2024-01-01,GASOLINA,7657,4.9556
2024-02-01,GASOLINA,7657,4.9198
2024-03-01,GASOLINA,7657,5.0234
2024-04-01,GASOLINA,7657,5.0258
2024-05-01,GASOLINA,7657,5.0811
2024-06-01,GASOLINA,7657,5.0802
2024-07-01,GASOLINA,7657,5.1023
2024-08-01,GASOLINA,7657,5.2433
2024-09-01,GASOLINA,7657,5.2801
2024-10-01,GASOLINA,7657,5.25
2024-11-01,GASOLINA,7657,5.2148
2024-12-01,GASOLINA,7657,5.187
2025-01-01,GASOLINA,7657,5.1882
2025-02-01,GASOLINA,7657,5.2119
2025-03-01,GASOLINA,7657,5.2865
2025-04-01,GASOLINA,7657,5.2842
2025-05-01,GASOLINA,7657,5.2425
2025-06-01,GASOLINA,7657,5.1928
2025-07-01,GASOLINA,7657,5.1632
2025-08-01,GASOLINA,7657,5.1244
2025-09-01,GASOLINA,7657,5.0824
2025-10-01,GASOLINA,7657,5.0963
2025-11-01,GASOLINA,7657,5.1056
2025-12-01,GASOLINA,7657,5.0754
2026-01-01,GASOLINA,7657,5.0679
2026-02-01,GASOLINA,7657,5.1556
2026-03-01,GASOLINA,7657,5.0907
2026-04-01,GASOLINA,7657,5.2779
2026-05-01,GASOLINA,7657,5.3401
2026-06-01,GASOLINA,7657,5.2312
2026-07-01,GASOLINA,7657,5.2153
2026-08-01,GASOLINA,7657,5.1423
2019-01-01,GLP,7482,1.3463
2019-02-01,GLP,7482,1.3405
2019-03-01,GLP,7482,1.3248
2019-04-01,GLP,7482,1.3228
2019-05-01,GLP,7482,1.3164
2019-06-01,GLP,7482,1.3322
2019-07-01,GLP,7482,1.3256
2019-08-01,GLP,7482,1.3234
2019-09-01,GLP,7482,1.3099
2019-10-01,GLP,7482,1.3081
2019-11-01,GLP,7482,1.3166
2019-12-01,GLP,7482,1.3212
2020-01-01,GLP,7482,1.0653
2020-02-01,GLP,7482,1.0723
2020-03-01,GLP,7482,1.0702
2020-04-01,GLP,7482,1.0759
2020-05-01,GLP,7482,1.0815
2020-06-01,GLP,7482,1.0732
2020-07-01,GLP,7482,1.0857
2020-08-01,GLP,7482,1.0826
2020-09-01,GLP,7482,1.0859
2020-10-01,GLP,7482,1.0959
2020-11-01,GLP,7482,1.1004
2020-12-01,GLP,7482,1.1057
2021-01-01,GLP,7482,1.1123
2021-02-01,GLP,7482,1.1449
2021-03-01,GLP,7482,1.1686
2021-04-01,GLP,7482,1.2156
2021-05-01,GLP,7482,1.2254
2021-06-01,GLP,7482,1.2302
2021-07-01,GLP,7482,1.2428
2021-08-01,GLP,7482,1.2825
2021-09-01,GLP,7482,1.3026
2021-10-01,GLP,7482,1.3377
2021-11-01,GLP,7482,1.3701
2021-12-01,GLP,7482,1.3861
2022-01-01,GLP,7482,1.384
2022-02-01,GLP,7482,1.3664
2022-03-01,GLP,7482,1.3493
2022-04-01,GLP,7482,1.4149
2022-05-01,GLP,7482,1.4468
2022-06-01,GLP,7482,1.425
2022-07-01,GLP,7482,1.4097
2022-08-01,GLP,7482,1.4155
2022-09-01,GLP,7482,1.4204
2022-10-01,GLP,7482,1.4376
2022-11-01,GLP,7482,1.4195
2022-12-01,GLP,7482,1.4089
2023-01-01,GLP,7482,1.3921
2023-02-01,GLP,7482,1.3683
2023-03-01,GLP,7482,1.3559
2023-04-01,GLP,7482,1.3401
2023-05-01,GLP,7482,1.3337
2023-06-01,GLP,7482,1.3365
2023-07-01,GLP,7482,1.2866
2023-08-01,GLP,7482,1.2716
2023-09-01,GLP,7482,1.2583
2023-10-01,GLP,7482,1.2589
2023-11-01,GLP,7482,1.2596
2023-12-01,GLP,7482,1.2516
2024-01-01,GLP,7482,1.24
2024-02-01,GLP,7482,1.2394
2024-03-01,GLP,7482,1.2338
2024-04-01,GLP,7482,1.236
2024-05-01,GLP,7482,1.2316
2024-06-01,GLP,7482,1.2385
2024-07-01,GLP,7482,1.2251
2024-08-01,GLP,7482,1.2357
2024-09-01,GLP,7482,1.245
2024-10-01,GLP,7482,1.2694
2024-11-01,GLP,7482,1.2717
2024-12-01,GLP,7482,1.269
2025-01-01,GLP,7482,1.2659
2025-02-01,GLP,7482,1.2693
2025-03-01,GLP,7482,1.2567
2025-04-01,GLP,7482,1.2526
2025-05-01,GLP,7482,1.2462
2025-06-01,GLP,7482,1.249
2025-07-01,GLP,7482,1.2486
2025-08-01,GLP,7482,1.2412
2025-09-01,GLP,7482,1.2481
2025-10-01,GLP,7482,1.2501
2025-11-01,GLP,7482,1.2608
2025-12-01,GLP,7482,1.2542
2026-01-01,GLP,7482,1.2461
2026-02-01,GLP,7482,1.2412
2026-03-01,GLP,7482,1.2336
2026-04-01,GLP,7482,1.2197
2026-05-01,GLP,7482,1.2564
2026-06-01,GLP,7482,1.2559
2026-07-01,GLP,7482,1.2532
2026-08-01,GLP,7482,1.2387
2019-01-01,Leite longa vida,12393,0.89
2019-02-01,Leite longa vida,12393,0.9059
2019-03-01,Leite longa vida,12393,0.9238
2019-04-01,Leite longa vida,12393,0.9217
2019-05-01,Leite longa vida,12393,0.9138
2019-06-01,Leite longa vida,12393,0.9342
2019-07-01,Leite longa vida,12393,0.9409
2019-08-01,Leite longa vida,12393,0.932
2019-09-01,Leite longa vida,12393,0.9277
2019-10-01,Leite longa vida,12393,0.9427
2019-11-01,Leite longa vida,12393,0.9272
2019-12-01,Leite longa vida,12393,0.9123
2020-01-01,Leite longa vida,12393,0.6171
2020-02-01,Leite longa vida,12393,0.6134
2020-03-01,Leite longa vida,12393,0.6171
2020-04-01,Leite longa vida,12393,0.6276
2020-05-01,Leite longa vida,12393,0.69
2020-06-01,Leite longa vida,12393,0.6829
2020-07-01,Leite longa vida,12393,0.697
2020-08-01,Leite longa vida,12393,0.721
2020-09-01,Leite longa vida,12393,0.7539
2020-10-01,Leite longa vida,12393,0.7943
2020-11-01,Leite longa vida,12393,0.7819
2020-12-01,Leite longa vida,12393,0.7479
2021-01-01,Leite longa vida,12393,0.7496
2021-02-01,Leite longa vida,12393,0.7376
2021-03-01,Leite longa vida,12393,0.7073
2021-04-01,Leite longa vida,12393,0.6848
2021-05-01,Leite longa vida,12393,0.6993
2021-06-01,Leite longa vida,12393,0.6925
2021-07-01,Leite longa vida,12393,0.7165
2021-08-01,Leite longa vida,12393,0.7359
2021-09-01,Leite longa vida,12393,0.7417
2021-10-01,Leite longa vida,12393,0.7429
2021-11-01,Leite longa vida,12393,0.721
2021-12-01,Leite longa vida,12393,0.6796
2022-01-01,Leite longa vida,12393,0.6553
2022-02-01,Leite longa vida,12393,0.6545
2022-03-01,Leite longa vida,12393,0.6548
2022-04-01,Leite longa vida,12393,0.7046
2022-05-01,Leite longa vida,12393,0.7692
2022-06-01,Leite longa vida,12393,0.8014
2022-07-01,Leite longa vida,12393,0.8815
2022-08-01,Leite longa vida,12393,1.1129
2022-09-01,Leite longa vida,12393,1.0972
2022-10-01,Leite longa vida,12393,0.9496
2022-11-01,Leite longa vida,12393,0.8844
2022-12-01,Leite longa vida,12393,0.8183
2023-01-01,Leite longa vida,12393,0.7822
2023-02-01,Leite longa vida,12393,0.7756
2023-03-01,Leite longa vida,12393,0.8046
2023-04-01,Leite longa vida,12393,0.7997
2023-05-01,Leite longa vida,12393,0.8342
2023-06-01,Leite longa vida,12393,0.8519
2023-07-01,Leite longa vida,12393,0.8295
2023-08-01,Leite longa vida,12393,0.8132
2023-09-01,Leite longa vida,12393,0.7844
2023-10-01,Leite longa vida,12393,0.7505
2023-11-01,Leite longa vida,12393,0.7075
2023-12-01,Leite longa vida,12393,0.7012
2024-01-01,Leite longa vida,12393,0.6885
2024-02-01,Leite longa vida,12393,0.6906
2024-03-01,Leite longa vida,12393,0.7088
2024-04-01,Leite longa vida,12393,0.7265
2024-05-01,Leite longa vida,12393,0.7344
2024-06-01,Leite longa vida,12393,0.77
2024-07-01,Leite longa vida,12393,0.8255
2024-08-01,Leite longa vida,12393,0.8146
2024-09-01,Leite longa vida,12393,0.8046
2024-10-01,Leite longa vida,12393,0.8104
2024-11-01,Leite longa vida,12393,0.8218
2024-12-01,Leite longa vida,12393,0.8046
2025-01-01,Leite longa vida,12393,0.7803
2025-02-01,Leite longa vida,12393,0.7672
2025-03-01,Leite longa vida,12393,0.7495
2025-04-01,Leite longa vida,12393,0.77
2025-05-01,Leite longa vida,12393,0.7795
2025-06-01,Leite longa vida,12393,0.7708
2025-07-01,Leite longa vida,12393,0.767
2025-08-01,Leite longa vida,12393,0.7655
2025-09-01,Leite longa vida,12393,0.7583
2025-10-01,Leite longa vida,12393,0.7512
2025-11-01,Leite longa vida,12393,0.7366
2025-12-01,Leite longa vida,12393,0.6985
2026-01-01,Leite longa vida,12393,0.6515
2026-02-01,Leite longa vida,12393,0.613
2026-03-01,Leite longa vida,12393,0.6162
2026-04-01,Leite longa vida,12393,0.6828
2026-05-01,Leite longa vida,12393,0.7711
2026-06-01,Leite longa vida,12393,0.7726
2026-07-01,Leite longa vida,12393,0.77
2026-08-01,Leite longa vida,12393,0.7883
2019-01-01,Óleo de soja,7385,0.2541
2019-02-01,Óleo de soja,7385,0.2538
2019-03-01,Óleo de soja,7385,0.2505
2019-04-01,Óleo de soja,7385,0.2514
2019-05-01,Óleo de soja,7385,0.2487
2019-06-01,Óleo de soja,7385,0.2454
2019-07-01,Óleo de soja,7385,0.2449
2019-08-01,Óleo de soja,7385,0.2425
2019-09-01,Óleo de soja,7385,0.2399
2019-10-01,Óleo de soja,7385,0.252
2019-11-01,Óleo de soja,7385,0.2578
2019-12-01,Óleo de soja,7385,0.2622
2020-01-01,Óleo de soja,7385,0.1776
2020-02-01,Óleo de soja,7385,0.1821
2020-03-01,Óleo de soja,7385,0.184
2020-04-01,Óleo de soja,7385,0.1854
2020-05-01,Óleo de soja,7385,0.1888
2020-06-01,Óleo de soja,7385,0.1887
2020-07-01,Óleo de soja,7385,0.1929
2020-08-01,Óleo de soja,7385,0.1916
2020-09-01,Óleo de soja,7385,0.2093
2020-10-01,Óleo de soja,7385,0.2651
2020-11-01,Óleo de soja,7385,0.3087
2020-12-01,Óleo de soja,7385,0.3342
2021-01-01,Óleo de soja,7385,0.3461
2021-02-01,Óleo de soja,7385,0.3415
2021-03-01,Óleo de soja,7385,0.3279
2021-04-01,Óleo de soja,7385,0.3174
2021-05-01,Óleo de soja,7385,0.3221
2021-06-01,Óleo de soja,7385,0.326
2021-07-01,Óleo de soja,7385,0.3268
2021-08-01,Óleo de soja,7385,0.3237
2021-09-01,Óleo de soja,7385,0.3197
2021-10-01,Óleo de soja,7385,0.3174
2021-11-01,Óleo de soja,7385,0.3197
2021-12-01,Óleo de soja,7385,0.3216
2022-01-01,Óleo de soja,7385,0.3275
2022-02-01,Óleo de soja,7385,0.3304
2022-03-01,Óleo de soja,7385,0.3291
2022-04-01,Óleo de soja,7385,0.353
2022-05-01,Óleo de soja,7385,0.3781
2022-06-01,Óleo de soja,7385,0.3832
2022-07-01,Óleo de soja,7385,0.378
2022-08-01,Óleo de soja,7385,0.3716
2022-09-01,Óleo de soja,7385,0.3525
2022-10-01,Óleo de soja,7385,0.3313
2022-11-01,Óleo de soja,7385,0.32
2022-12-01,Óleo de soja,7385,0.3198
2023-01-01,Óleo de soja,7385,0.3231
2023-02-01,Óleo de soja,7385,0.32
2023-03-01,Óleo de soja,7385,0.3102
2023-04-01,Óleo de soja,7385,0.2956
2023-05-01,Óleo de soja,7385,0.2808
2023-06-01,Óleo de soja,7385,0.2602
2023-07-01,Óleo de soja,7385,0.2371
2023-08-01,Óleo de soja,7385,0.2255
2023-09-01,Óleo de soja,7385,0.2227
2023-10-01,Óleo de soja,7385,0.2195
2023-11-01,Óleo de soja,7385,0.2151
2023-12-01,Óleo de soja,7385,0.2153
2024-01-01,Óleo de soja,7385,0.2225
2024-02-01,Óleo de soja,7385,0.2277
2024-03-01,Óleo de soja,7385,0.2235
2024-04-01,Óleo de soja,7385,0.2169
2024-05-01,Óleo de soja,7385,0.2166
2024-06-01,Óleo de soja,7385,0.2159
2024-07-01,Óleo de soja,7385,0.2172
2024-08-01,Óleo de soja,7385,0.2172
2024-09-01,Óleo de soja,7385,0.22
2024-10-01,Óleo de soja,7385,0.2268
2024-11-01,Óleo de soja,7385,0.237
2024-12-01,Óleo de soja,7385,0.262
2025-01-01,Óleo de soja,7385,0.274
2025-02-01,Óleo de soja,7385,0.2712
2025-03-01,Óleo de soja,7385,0.2623
2025-04-01,Óleo de soja,7385,0.2557
2025-05-01,Óleo de soja,7385,0.2522
2025-06-01,Óleo de soja,7385,0.2483
2025-07-01,Óleo de soja,7385,0.2462
2025-08-01,Óleo de soja,7385,0.2467
2025-09-01,Óleo de soja,7385,0.2467
2025-10-01,Óleo de soja,7385,0.2543
2025-11-01,Óleo de soja,7385,0.2659
2025-12-01,Óleo de soja,7385,0.2733
2026-01-01,Óleo de soja,7385,0.2715
2026-02-01,Óleo de soja,7385,0.2616
2026-03-01,Óleo de soja,7385,0.253
2026-04-01,Óleo de soja,7385,0.249
2026-05-01,Óleo de soja,7385,0.2491
2026-06-01,Óleo de soja,7385,0.2455
2026-07-01,Óleo de soja,7385,0.2383
2026-08-01,Óleo de soja,7385,0.2345
