ano_mes,periodo_codigo,rotulo,taxa_desocupacao,taxa_subutilizacao,rendimento_medio_real
2019-01-01,201901,nov-dez-jan 2019,12.2,24.3,3371
2019-02-01,201902,dez-jan-fev 2019,12.5,24.6,3383
2019-03-01,201903,jan-fev-mar 2019,12.8,25.0,3369
2019-04-01,201904,fev-mar-abr 2019,12.6,25.0,3351
2019-05-01,201905,mar-abr-mai 2019,12.4,25.0,3328
2019-06-01,201906,abr-mai-jun 2019,12.1,24.8,3328
2019-07-01,201907,mai-jun-jul 2019,11.9,24.6,3320
2019-08-01,201908,jun-jul-ago 2019,11.9,24.4,3333
2019-09-01,201909,jul-ago-set 2019,11.9,24.1,3333
2019-10-01,201910,ago-set-out 2019,11.7,23.8,3357
2019-11-01,201911,set-out-nov 2019,11.3,23.4,3372
2019-12-01,201912,out-nov-dez 2019,11.1,23.0,3361
2020-01-01,202001,nov-dez-jan 2020,11.3,23.2,3369
2020-02-01,202002,dez-jan-fev 2020,11.7,23.6,3372
2020-03-01,202003,jan-fev-mar 2020,12.4,24.5,3399
2020-04-01,202004,fev-mar-abr 2020,12.7,25.8,3436
2020-05-01,202005,mar-abr-mai 2020,13.1,27.6,3493
2020-06-01,202006,abr-mai-jun 2020,13.6,29.3,3546
2020-07-01,202007,mai-jun-jul 2020,14.1,30.3,3588
2020-08-01,202008,jun-jul-ago 2020,14.8,30.7,3583
2020-09-01,202009,jul-ago-set 2020,14.9,30.4,3586
2020-10-01,202010,ago-set-out 2020,14.6,29.6,3533
2020-11-01,202011,set-out-nov 2020,14.3,29.1,3495
2020-12-01,202012,out-nov-dez 2020,14.2,28.8,3442
2021-01-01,202101,nov-dez-jan 2021,14.4,29.0,3434
2021-02-01,202102,dez-jan-fev 2021,14.6,29.2,3403
2021-03-01,202103,jan-fev-mar 2021,14.9,29.6,3412
2021-04-01,202104,fev-mar-abr 2021,14.8,29.6,3371
2021-05-01,202105,mar-abr-mai 2021,14.7,29.3,3368
2021-06-01,202106,abr-mai-jun 2021,14.2,28.5,3316
2021-07-01,202107,mai-jun-jul 2021,13.7,27.9,3285
2021-08-01,202108,jun-jul-ago 2021,13.2,27.2,3238
2021-09-01,202109,jul-ago-set 2021,12.7,26.6,3181
2021-10-01,202110,ago-set-out 2021,12.1,25.8,3135
2021-11-01,202111,set-out-nov 2021,11.6,25.0,3093
2021-12-01,202112,out-nov-dez 2021,11.1,24.3,3068
2022-01-01,202201,nov-dez-jan 2022,11.2,23.9,3097
2022-02-01,202202,dez-jan-fev 2022,11.2,23.6,3100
2022-03-01,202203,jan-fev-mar 2022,11.1,23.2,3113
2022-04-01,202204,fev-mar-abr 2022,10.5,22.5,3101
2022-05-01,202205,mar-abr-mai 2022,9.8,21.9,3121
2022-06-01,202206,abr-mai-jun 2022,9.3,21.3,3144
2022-07-01,202207,mai-jun-jul 2022,9.1,20.9,3188
2022-08-01,202208,jun-jul-ago 2022,8.9,20.5,3216
2022-09-01,202209,jul-ago-set 2022,8.7,20.1,3259
2022-10-01,202210,ago-set-out 2022,8.3,19.5,3279
2022-11-01,202211,set-out-nov 2022,8.1,18.9,3310
2022-12-01,202212,out-nov-dez 2022,7.9,18.5,3317
2023-01-01,202301,nov-dez-jan 2023,8.4,18.7,3332
2023-02-01,202302,dez-jan-fev 2023,8.6,18.9,3330
2023-03-01,202303,jan-fev-mar 2023,8.8,18.9,3338
2023-04-01,202304,fev-mar-abr 2023,8.5,18.4,3328
2023-05-01,202305,mar-abr-mai 2023,8.3,18.2,3322
2023-06-01,202306,abr-mai-jun 2023,8.0,17.8,3337
2023-07-01,202307,mai-jun-jul 2023,7.9,17.8,3349
2023-08-01,202308,jun-jul-ago 2023,7.8,17.7,3359
2023-09-01,202309,jul-ago-set 2023,7.7,17.6,3391
2023-10-01,202310,ago-set-out 2023,7.6,17.5,3403
2023-11-01,202311,set-out-nov 2023,7.5,17.4,3432
2023-12-01,202312,out-nov-dez 2023,7.4,17.3,3418
2024-01-01,202401,nov-dez-jan 2024,7.6,17.6,3456
2024-02-01,202402,dez-jan-fev 2024,7.8,17.9,3471
2024-03-01,202403,jan-fev-mar 2024,7.9,17.9,3468
2024-04-01,202404,fev-mar-abr 2024,7.5,17.4,3484
2024-05-01,202405,mar-abr-mai 2024,7.1,16.8,3505
2024-06-01,202406,abr-mai-jun 2024,6.9,16.4,3528
2024-07-01,202407,mai-jun-jul 2024,6.8,16.2,3507
2024-08-01,202408,jun-jul-ago 2024,6.6,16.0,3526
2024-09-01,202409,jul-ago-set 2024,6.4,15.7,3514
2024-10-01,202410,ago-set-out 2024,6.2,15.4,3533
2024-11-01,202411,set-out-nov 2024,6.1,15.3,3549
2024-12-01,202412,out-nov-dez 2024,6.2,15.2,3563
2025-01-01,202501,nov-dez-jan 2025,6.5,15.5,3580
2025-02-01,202502,dez-jan-fev 2025,6.8,15.7,3594
2025-03-01,202503,jan-fev-mar 2025,7.0,15.9,3605
2025-04-01,202504,fev-mar-abr 2025,6.6,15.4,3593
2025-05-01,202505,mar-abr-mai 2025,6.2,14.9,3609
2025-06-01,202506,abr-mai-jun 2025,5.8,14.4,3643
2025-07-01,202507,mai-jun-jul 2025,5.6,14.1,3641
2025-08-01,202508,jun-jul-ago 2025,5.6,14.1,3641
2025-09-01,202509,jul-ago-set 2025,5.6,13.9,3653
2025-10-01,202510,ago-set-out 2025,5.4,13.9,3669
2025-11-01,202511,set-out-nov 2025,5.2,13.5,3708
2025-12-01,202512,out-nov-dez 2025,5.1,13.4,3742
2026-01-01,202601,nov-dez-jan 2026,5.4,13.8,3772
2026-02-01,202602,dez-jan-fev 2026,5.8,14.1,3783
2026-03-01,202603,jan-fev-mar 2026,6.1,14.3,3804
2026-04-01,202604,fev-mar-abr 2026,5.8,13.8,3785
2026-05-01,202605,mar-abr-mai 2026,5.6,13.3,3752
2026-06-01,202606,abr-mai-jun 2026,5.4,12.9,3747
2026-07-01,202607,mai-jun-jul 2026,5.3,13.0,3760
2026-08-01,202608,jun-jul-ago 2026,5.3,13.1,3777
