produto,regiao,periodo,n_meses,preco_nominal_medio,preco_real_medio,variacao_pct_nominal_periodo,variacao_pct_real_periodo,variacao_pct_cambio_periodo,variacao_pct_brent_usd_periodo,variacao_pct_brent_brl_periodo
DIESEL,BR,Bolsonaro,47,4.581942454172629,6.03862891612118,85.1076965635529,46.303669824939234,40.1089689857502,36.21380096556264,90.84775214915165
DIESEL,BR,Lula,43,6.07538358287168,6.560884642010797,4.074196452933521,-11.262139331020737,-0.9137246822864986,10.39323994389707,9.384549662953923
DIESEL,CO,Bolsonaro,47,4.679559093161415,6.172323662915299,78.16652848838484,40.81757507511807,40.1089689857502,36.21380096556264,90.84775214915165
DIESEL,CO,Lula,43,6.046927799398604,6.531580487130617,2.0075991119268943,-13.024203638556031,-0.9137246822864986,10.39323994389707,9.384549662953923
DIESEL,N,Bolsonaro,47,4.909895210867531,6.478892719570485,79.11530323345129,41.56745868135039,40.1089689857502,36.21380096556264,90.84775214915165
DIESEL,N,Lula,43,6.523736747980684,7.045761668336317,6.027047652081086,-9.597059575198886,-0.9137246822864986,10.39323994389707,9.384549662953923
DIESEL,NE,Bolsonaro,47,4.679577864726526,6.164920706521347,84.01022325435237,45.436259254488796,40.1089689857502,36.21380096556264,90.84775214915165
DIESEL,NE,Lula,43,6.117116920930734,6.603989808916367,7.307826630297143,-8.505015721964892,-0.9137246822864986,10.39323994389707,9.384549662953923
DIESEL,S,Bolsonaro,47,4.428391005759918,5.832609080196314,89.92693037552684,50.11265024836611,40.1089689857502,36.21380096556264,90.84775214915165
DIESEL,S,Lula,43,6.008675883786939,6.489097532416777,1.2954963605249947,-13.631371187185382,-0.9137246822864986,10.39323994389707,9.384549662953923
DIESEL,SE,Bolsonaro,47,4.5204225593552385,5.9566444632592415,86.92571472037818,47.74057781466503,40.1089689857502,36.21380096556264,90.84775214915165
DIESEL,SE,Lula,43,6.001359777824767,6.480978687339224,4.216134829220275,-11.141116942303952,-0.9137246822864986,10.39323994389707,9.384549662953923
DIESEL S10,BR,Bolsonaro,47,4.665339147953916,6.15059531518913,83.20342345329794,44.79858846121756,40.1089689857502,36.21380096556264,90.84775214915165
DIESEL S10,BR,Lula,43,6.1631458047544445,6.654995643409065,7.568331318198407,-8.28289891024343,-0.9137246822864986,10.39323994389707,9.384549662953923
DIESEL S10,CO,Bolsonaro,47,4.78934189213415,6.319071259777475,75.45265488847485,38.672609336367536,40.1089689857502,36.21380096556264,90.84775214915165
DIESEL S10,CO,Lula,43,6.14574895600505,6.638099601523653,5.525980185426027,-10.024289921982332,-0.9137246822864986,10.39323994389707,9.384549662953923
DIESEL S10,N,Bolsonaro,47,4.951588603995353,6.5359689107219126,77.48342678876014,40.277671616892974,40.1089689857502,36.21380096556264,90.84775214915165
DIESEL S10,N,Lula,43,6.533002123038468,7.056237443330622,7.365501098892024,-8.455840142111681,-0.9137246822864986,10.39323994389707,9.384549662953923
DIESEL S10,NE,Bolsonaro,47,4.719752941525273,6.21959329778142,83.25374517041415,44.83836126387604,40.1089689857502,36.21380096556264,90.84775214915165
DIESEL S10,NE,Lula,43,6.120630770432429,6.608227277378233,9.308467424830202,-6.799188628173802,-0.9137246822864986,10.39323994389707,9.384549662953923
DIESEL S10,S,Bolsonaro,47,4.520877854926453,5.956977590644406,87.32581059637606,48.05680180765399,40.1089689857502,36.21380096556264,90.84775214915165
DIESEL S10,S,Lula,43,6.129846356968057,6.618638032575677,5.8136074613581945,-9.77904729694984,-0.9137246822864986,10.39323994389707,9.384549662953923
DIESEL S10,SE,Bolsonaro,47,4.62508088668809,6.097595860001844,84.55905927686607,45.87004307718525,40.1089689857502,36.21380096556264,90.84775214915165
DIESEL S10,SE,Lula,43,6.13564863382992,6.6252436139033755,7.680185008722584,-8.187527938923612,-0.9137246822864986,10.39323994389707,9.384549662953923
ETANOL,BR,Bolsonaro,47,3.9231113506469923,5.2078104411174735,29.763984664248433,2.561630445056018,40.1089689857502,36.21380096556264,90.84775214915165
ETANOL,BR,Lula,43,4.243188469489371,4.580446332406449,4.294601698823697,-11.07421292210189,-0.9137246822864986,10.39323994389707,9.384549662953923
ETANOL,CO,Bolsonaro,47,3.726684479635502,4.947600594291883,25.79411063032422,-0.5760410331606569,40.1089689857502,36.21380096556264,90.84775214915165
ETANOL,CO,Lula,43,4.039255629721711,4.356975335309161,5.554670267046591,-9.999827600367595,-0.9137246822864986,10.39323994389707,9.384549662953923
ETANOL,N,Bolsonaro,47,4.451115005718694,5.917190057311552,14.405220219373271,-9.577484480889575,40.1089689857502,36.21380096556264,90.84775214915165
ETANOL,N,Lula,43,4.860470076938668,5.2466397901037,15.582356574790435,-1.4498175043374695,-0.9137246822864986,10.39323994389707,9.384549662953923
ETANOL,NE,Bolsonaro,47,4.259590122044373,5.659175837705907,20.406955235504864,-4.833889943882152,40.1089689857502,36.21380096556264,90.84775214915165
ETANOL,NE,Lula,43,4.672051449767229,5.042456750405983,16.402737132449285,-0.7503279276488639,-0.9137246822864986,10.39323994389707,9.384549662953923
ETANOL,S,Bolsonaro,47,4.1835531611112495,5.550657263623695,32.43001785954653,4.668784537448434,40.1089689857502,36.21380096556264,90.84775214915165
ETANOL,S,Lula,43,4.43903371320816,4.795450484853502,-1.266149467301636,-15.815533816351145,-0.9137246822864986,10.39323994389707,9.384549662953923
ETANOL,SE,Bolsonaro,47,3.733588133235961,4.954235547116248,35.104824755759246,6.782873104557896,40.1089689857502,36.21380096556264,90.84775214915165
ETANOL,SE,Lula,43,4.018822426425448,4.33836106553969,-0.7601772768491277,-15.384121504087378,-0.9137246822864986,10.39323994389707,9.384549662953923
GASOLINA,BR,Bolsonaro,47,5.170723702375259,6.880035260794129,14.926585310468399,-9.165412873053203,40.1089689857502,36.21380096556264,90.84775214915165
GASOLINA,BR,Lula,43,6.004289122952815,6.47808057207358,30.2056887746909,11.018625774567003,-0.9137246822864986,10.39323994389707,9.384549662953923
GASOLINA,CO,Bolsonaro,47,5.230976653636108,6.961490831040802,13.820925933699325,-10.039293470136478,40.1089689857502,36.21380096556264,90.84775214915165
GASOLINA,CO,Lula,43,6.004031659887699,6.476028359987927,33.856357439235495,14.131333230823696,-0.9137246822864986,10.39323994389707,9.384549662953923
GASOLINA,N,Bolsonaro,47,5.2752734732822635,7.019103466823321,13.781245584899239,-10.070655648787941,40.1089689857502,36.21380096556264,90.84775214915165
GASOLINA,N,Lula,43,6.437849965811313,6.945075881637596,38.20340388997787,17.837800495665903,-0.9137246822864986,10.39323994389707,9.384549662953923
GASOLINA,NE,Bolsonaro,47,5.26570698166633,7.003642979976883,16.03343351402131,-8.290592662304498,40.1089689857502,36.21380096556264,90.84775214915165
GASOLINA,NE,Lula,43,6.109813338640314,6.59182020262028,31.93547034230495,12.493507358727229,-0.9137246822864986,10.39323994389707,9.384549662953923
GASOLINA,S,Bolsonaro,47,5.093563992612033,6.7747855137122155,18.680392117458354,-6.198514565354163,40.1089689857502,36.21380096556264,90.84775214915165
GASOLINA,S,Lula,43,6.046569669068923,6.524216618256237,27.48574646743698,8.699493177680594,-0.9137246822864986,10.39323994389707,9.384549662953923
GASOLINA,SE,Bolsonaro,47,5.1319248733353655,6.83005244738258,13.693853005081746,-10.13972816916463,40.1089689857502,36.21380096556264,90.84775214915165
GASOLINA,SE,Lula,43,5.879303125350381,6.343479094723628,28.412688906063632,9.48984171526661,-0.9137246822864986,10.39323994389707,9.384549662953923
GLP,BR,Bolsonaro,47,86.31158558594863,114.43454323991473,56.24652901499305,23.492653286050768,40.1089689857502,36.21380096556264,90.84775214915165
GLP,BR,Lula,43,107.72455146359675,116.41314608216673,5.7472700322677595,-9.83560926658683,-0.9137246822864986,10.39323994389707,9.384549662953923
GLP,CO,Bolsonaro,47,91.63216471593323,121.65130212160588,47.65054180348667,16.698638244218888,40.1089689857502,36.21380096556264,90.84775214915165
GLP,CO,Lula,43,110.05527306026775,118.95887085997674,4.028174697964126,-11.301379336895423,-0.9137246822864986,10.39323994389707,9.384549662953923
GLP,N,Bolsonaro,47,95.05136898062108,126.15963659989316,55.06195640584601,22.556401994993248,40.1089689857502,36.21380096556264,90.84775214915165
GLP,N,Lula,43,120.5379171862546,130.3033774856262,5.255057753844539,-10.255289322459593,-0.9137246822864986,10.39323994389707,9.384549662953923
GLP,NE,Bolsonaro,47,83.91706991091844,111.18119079259695,63.064398552647475,28.881296504373346,40.1089689857502,36.21380096556264,90.84775214915165
GLP,NE,Lula,43,105.62204603011509,114.1237999078447,5.340559594693062,-10.182387001819649,-0.9137246822864986,10.39323994389707,9.384549662953923
GLP,S,Bolsonaro,47,86.46020946060631,114.62505782342791,55.465125668658445,22.875055102373977,40.1089689857502,36.21380096556264,90.84775214915165
GLP,S,Lula,43,108.88938457775342,117.67741683331818,6.585554782773362,-9.120853852405574,-0.9137246822864986,10.39323994389707,9.384549662953923
GLP,SE,Bolsonaro,47,83.64124486504139,110.84706517632638,56.48952288909024,23.684708485188267,40.1089689857502,36.21380096556264,90.84775214915165
GLP,SE,Lula,43,104.15104871817216,112.5409322506238,6.57456777437333,-9.130221819238848,-0.9137246822864986,10.39323994389707,9.384549662953923
