id,veiculo,data_gravada,titulo_gravado,url,marco,https,status,url_final,redirecionamentos,titulo_pagina,similaridade_titulo,data_pagina,dominio_final,imagem,imagem_status,classe,wayback
n001,IBGE — Agência de Notícias,2011-03-03,"Em 2010, PIB varia 7,5% e fica em R$ 3,675 trilhões",https://agenciadenoticias.ibge.gov.br/agencia-sala-de-imprensa/2013-agencia-de-noticias/releases/13983-asi-em-2010-pib-varia-75-e-fica-em-r-3675-trilhoes,False,True,403,https://agenciadenoticias.ibge.gov.br/agencia-sala-de-imprensa/2013-agencia-de-noticias/releases/13983-asi-em-2010-pib-varia-75-e-fica-em-r-3675-trilhoes,0,,,,agenciadenoticias.ibge.gov.br,,,BLOQUEADO,http://web.archive.org/web/20260906114012/https://agenciadenoticias.ibge.gov.br/agencia-sala-de-imprensa/2013-agencia-de-noticias/releases/13983-asi-em-2010-pib-varia-75-e-fica-em-r-3675-trilhoes
n002,Agência Brasil,2016-03-03,"IBGE: PIB fecha 2015 com queda de 3,8%",https://agenciabrasil.ebc.com.br/economia/noticia/2016-03/ibge-pib-fecha-2015-com-queda-de-38,False,True,200,https://agenciabrasil.ebc.com.br/economia/noticia/2016-03/ibge-pib-fecha-2015-com-queda-de-38,0,"IBGE: PIB fecha 2015 com queda de 3,8%",1.0,2016-03-03,agenciabrasil.ebc.com.br,https://imagens.ebc.com.br/qDQHGWRVzW0zDNyoa4r0YfZrhKg=/1170x700/smart/https://agenciabrasil.ebc.com.br/sites/default/files/atoms/image/notas_real_50_2_de_1.jpg?itok=r7hIxLf9,200,OK,
n003,Exame,2019-04-10,"Tomate, feijão e gasolina levam IPCA de março ao maior nível desde 2015",https://exame.com/economia/inflacao-chega-a-075-em-marco-a-maior-para-o-mes-desde-2015/,False,True,200,https://exame.com/economia/inflacao-chega-a-075-em-marco-a-maior-para-o-mes-desde-2015/,0,"Tomate, feijão e gasolina levam IPCA de março ao maior nível desde 2015",1.0,2019-04-10,exame.com,https://classic.exame.com/wp-content/uploads/2018/10/feijc3a3o.jpeg,200,OK,
n004,Agência Brasil,2019-04-10,"Inflação oficial sobe para 0,75% em março, diz IBGE",https://agenciabrasil.ebc.com.br/economia/noticia/2019-04/inflacao-oficial-sobe-para-075-em-marco-diz-ibge,False,True,200,https://agenciabrasil.ebc.com.br/economia/noticia/2019-04/inflacao-oficial-sobe-para-075-em-marco-diz-ibge,0,"Inflação oficial sobe para 0,75% em março, diz IBGE",1.0,2019-04-10,agenciabrasil.ebc.com.br,,,OK,
n005,Agência Brasil,2019-05-03,"Petrobras reajusta gás de cozinha em 3,43% a partir de domingo",https://agenciabrasil.ebc.com.br/economia/noticia/2019-05/petrobras-reajusta-gas-de-cozinha-em-343-partir-de-domingo,False,True,200,https://agenciabrasil.ebc.com.br/economia/noticia/2019-05/petrobras-reajusta-gas-de-cozinha-em-343-partir-de-domingo,0,"Petrobras reajusta gás de cozinha em 3,43% a partir de domingo",1.0,2019-05-03,agenciabrasil.ebc.com.br,https://imagens.ebc.com.br/8zUyu9cK9eJgvjP3yye2j_pP24M=/1170x700/smart/https://agenciabrasil.ebc.com.br/sites/default/files/atoms/image/tmcj_0025.jpg?itok=wr_tcsQm,200,OK,
n006,Agência Brasil,2019-05-07,"Cesta básica em 18 capitais teve alta em abril, aponta Dieese",https://agenciabrasil.ebc.com.br/economia/noticia/2019-05/cesta-basica-em-18-capitais-tiveram-alta-em-abril-aponta-dieese,False,True,200,https://agenciabrasil.ebc.com.br/economia/noticia/2019-05/cesta-basica-em-18-capitais-tiveram-alta-em-abril-aponta-dieese,0,"Cesta básica em 18 capitais teve alta em abril, aponta Dieese",1.0,2019-05-07,agenciabrasil.ebc.com.br,https://imagens.ebc.com.br/jSHqubpCbFo_jD8k3nKqnIv92NE=/1170x700/smart/https://agenciabrasil.ebc.com.br/sites/default/files/atoms/image/1064940-edit_04225.jpg?itok=V_yFJMWW,200,OK,
n007,Agência Brasil,2019-06-19,Bolsa fecha pela primeira vez acima dos 100 mil pontos,https://agenciabrasil.ebc.com.br/economia/noticia/2019-06/bolsa-fecha-pela-primeira-vez-acima-dos-100-mil-pontos,True,True,200,https://agenciabrasil.ebc.com.br/economia/noticia/2019-06/bolsa-fecha-pela-primeira-vez-acima-dos-100-mil-pontos,0,Bolsa fecha pela primeira vez acima dos 100 mil pontos,1.0,2019-06-19,agenciabrasil.ebc.com.br,https://imagens.ebc.com.br/ahpRBytZ4L02mpHq5tXyIEPOdeI=/1170x700/smart/https://agenciabrasil.ebc.com.br/sites/default/files/thumbnails/image/ibovespa.jpg?itok=GSIjrCNi,200,OK,
n008,Agência Brasil,2019-09-18,"Petrobras eleva preço da gasolina em 3,5% e do diesel em 4,2%",https://agenciabrasil.ebc.com.br/economia/noticia/2019-09/petrobras-eleva-preco-da-gasolina-em-35-e-do-diesel-em-42,False,True,200,https://agenciabrasil.ebc.com.br/economia/noticia/2019-09/petrobras-eleva-preco-da-gasolina-em-35-e-do-diesel-em-42,0,"Petrobras eleva preço da gasolina em 3,5% e do diesel em 4,2%",1.0,2019-09-18,agenciabrasil.ebc.com.br,https://imagens.ebc.com.br/HgQQDZbIcbZvvLQ9e_VIPUztSZk=/1170x700/smart/https://agenciabrasil.ebc.com.br/sites/default/files/thumbnails/image/tmazs_edit_24051807919.jpg?itok=nLPbxFI3,200,OK,
n009,Agência Brasil,2019-10-30,"Copom reduz juros básicos para 5% ao ano, o menor nível da história",https://agenciabrasil.ebc.com.br/economia/noticia/2019-10/copom-reduz-juros-basicos-para-5-ao-ano-o-menor-nivel-da-historia,True,True,200,https://agenciabrasil.ebc.com.br/economia/noticia/2019-10/copom-reduz-juros-basicos-para-5-ao-ano-o-menor-nivel-da-historia,0,"Copom reduz juros básicos para 5% ao ano, o menor nível da história",1.0,2019-10-30,agenciabrasil.ebc.com.br,,,OK,
n010,Agência Brasil,2019-11-12,Congresso promulga a reforma da Previdência,https://agenciabrasil.ebc.com.br/congresso-promulga-reforma-da-previdencia-0,True,True,200,https://agenciabrasil.ebc.com.br/congresso-promulga-reforma-da-previdencia-0,0,Congresso promulga a reforma da Previdência,1.0,2019-11-12,agenciabrasil.ebc.com.br,,,OK,
n011,Agência Brasil,2019-11-18,"Dólar ultrapassa R$ 4,20 e fecha no maior valor desde criação do real",https://agenciabrasil.ebc.com.br/economia/noticia/2019-11/dolar-ultrapassa-r-420-e-fecha-no-maior-valor-desde-criacao-do-real,True,True,200,https://agenciabrasil.ebc.com.br/economia/noticia/2019-11/dolar-ultrapassa-r-420-e-fecha-no-maior-valor-desde-criacao-do-real,0,"Dólar ultrapassa R$ 4,20 e fecha no maior valor desde criação do real",1.0,2019-11-18,agenciabrasil.ebc.com.br,https://imagens.ebc.com.br/fJgyXIIHMP8tLfWCvVmTsXjDmgw=/1170x700/smart/https://agenciabrasil.ebc.com.br/sites/default/files/thumbnails/image/mca_abr_10071918650.jpg?itok=5s1ogwq1,200,OK,
n012,Exame,2019-12-03,Preço da carne atinge maior nível dos últimos 30 anos — até quando?,https://exame.com/economia/preco-da-carne-sobe-simulando-lancamento-de-um-foguete-ate-quando/,False,True,200,https://exame.com/economia/preco-da-carne-sobe-simulando-lancamento-de-um-foguete-ate-quando/,0,Preço da carne atinge maior nível dos últimos 30 anos — até quando?,1.0,2019-12-03,exame.com,https://classic.exame.com/wp-content/uploads/2019/12/gettyimages-546999702-e1575322917585.jpg,200,OK,
n013,Agência Brasil,2019-12-10,Exportações de carne podem fechar 2019 com resultado recorde,https://agenciabrasil.ebc.com.br/economia/noticia/2019-12/exportacoes-de-carne-podem-fechar-2019-com-resultado-recorde,False,True,200,https://agenciabrasil.ebc.com.br/economia/noticia/2019-12/exportacoes-de-carne-podem-fechar-2019-com-resultado-recorde,0,Exportações de carne podem fechar 2019 com resultado recorde,1.0,2019-12-10,agenciabrasil.ebc.com.br,,,OK,
n014,Agência Brasil,2019-12-17,"Produção de etanol na safra 2019/2020 deve aumentar 7,1%, diz Unica",https://agenciabrasil.ebc.com.br/economia/noticia/2019-12/producao-de-etanol-na-safra-20192020-deve-aumentar-71-diz-unica,False,True,200,https://agenciabrasil.ebc.com.br/economia/noticia/2019-12/producao-de-etanol-na-safra-20192020-deve-aumentar-71-diz-unica,0,"Produção de etanol na safra 2019/2020 deve aumentar 7,1%, diz Unica",1.0,2019-12-17,agenciabrasil.ebc.com.br,https://imagens.ebc.com.br/rFHfCAqp-2XdErBXHleQsBxF9jY=/1170x700/smart/https://agenciabrasil.ebc.com.br/sites/default/files/thumbnails/image/cana-de-acucar.jpeg?itok=1C9A0uHT,200,OK,
n015,Agência Brasil,2020-01-31,"Taxa de desemprego cai no país e fecha 2019 em 11,9%",https://agenciabrasil.ebc.com.br/economia/noticia/2020-01/taxa-de-desemprego-no-pais-fecha-2019-em-119,True,True,200,https://agenciabrasil.ebc.com.br/economia/noticia/2020-01/taxa-de-desemprego-no-pais-fecha-2019-em-119,0,"Taxa de desemprego cai no país e fecha 2019 em 11,9%",1.0,2020-01-31,agenciabrasil.ebc.com.br,https://imagens.ebc.com.br/WbTS56BdhUCWiB3M_09wXuk4vjE=/1170x700/smart/https://agenciabrasil.ebc.com.br/sites/default/files/thumbnails/image/agenciabrasil161112wdo_7717.jpg?itok=YNvvtGwQ,200,OK,
n016,Agência Brasil,2020-03-04,"PIB fecha 2019 com crescimento de 1,1% em relação a 2018",https://agenciabrasil.ebc.com.br/economia/noticia/2020-03/pib-fecha-2019-com-crescimento-de-11-em-relacao-2018,False,True,200,https://agenciabrasil.ebc.com.br/economia/noticia/2020-03/pib-fecha-2019-com-crescimento-de-11-em-relacao-2018,0,"PIB fecha 2019 com crescimento de 1,1% em relação a 2018",1.0,2020-03-04,agenciabrasil.ebc.com.br,,,OK,
n017,Agência Brasil,2020-03-11,Organização Mundial da Saúde declara pandemia de coronavírus,https://agenciabrasil.ebc.com.br/geral/noticia/2020-03/organizacao-mundial-da-saude-declara-pandemia-de-coronavirus,True,True,200,https://agenciabrasil.ebc.com.br/geral/noticia/2020-03/organizacao-mundial-da-saude-declara-pandemia-de-coronavirus,0,Organização Mundial da Saúde declara pandemia de coronavírus,1.0,2020-03-11,agenciabrasil.ebc.com.br,,,OK,
n018,Seu Dinheiro,2020-03-18,"Circuit breaker é acionado pela sexta vez em março, igualando a marca da crise de 2008",https://www.seudinheiro.com/2020/bolsa-dolar/ibovespa-circuit-breaker-18-03/,True,True,200,https://www.seudinheiro.com/2020/bolsa-dolar/ibovespa-circuit-breaker-18-03/,0,"Circuit breaker é acionado pela sexta vez em março, igualando a marca da crise de 2008 - Seu Dinheiro",0.95,2020-03-18,www.seudinheiro.com,https://www.seudinheiro.com/uploads/2020/02/shutterstock_511383280-e1651006633630.jpg,200,OK,
n019,Agência Brasil,2020-03-18,IBGE suspende coleta presencial de índices de preços e Pnad contínua,https://agenciabrasil.ebc.com.br/economia/noticia/2020-03/ibge-suspende-coleta-presencial-de-indices-de-precos-e-pnad-continua,True,True,200,https://agenciabrasil.ebc.com.br/economia/noticia/2020-03/ibge-suspende-coleta-presencial-de-indices-de-precos-e-pnad-continua,0,IBGE suspende coleta presencial de índices de preços e Pnad contínua,1.0,2020-03-18,agenciabrasil.ebc.com.br,https://imagens.ebc.com.br/hwIifQR5NL6JRjruSp_Pw6f3vcQ=/1170x700/smart/https://agenciabrasil.ebc.com.br/sites/default/files/atoms/image/1070064-1%20-%20rvrs_abr_21.03.2017_0769.jpg?itok=HbffSKCo,200,OK,
n020,Agência Brasil,2020-04-01,Bolsonaro sanciona lei da renda básica emergencial,https://agenciabrasil.ebc.com.br/politica/noticia/2020-04/bolsonaro-sanciona-lei-da-renda-basica-emergencial,True,True,200,https://agenciabrasil.ebc.com.br/politica/noticia/2020-04/bolsonaro-sanciona-lei-da-renda-basica-emergencial,0,Bolsonaro sanciona lei da renda básica emergencial,1.0,2020-04-01,agenciabrasil.ebc.com.br,https://imagens.ebc.com.br/f5yNcF_xU762l5nNsUNLhg4dtgE=/1170x700/smart/https://agenciabrasil.ebc.com.br/sites/default/files/thumbnails/image/economia_pr_jair_bolsonaro_coletiva0104201368_0.jpg?itok=M9Da51I8,200,OK,
n021,Agência Brasil,2020-05-13,"Dólar fecha acima de R$ 5,90 pela primeira vez na história",https://agenciabrasil.ebc.com.br/economia/noticia/2020-05/dolar-fecha-acima-de-r-590-pela-primeira-vez-na-historia,True,True,200,https://agenciabrasil.ebc.com.br/economia/noticia/2020-05/dolar-fecha-acima-de-r-590-pela-primeira-vez-na-historia,0,"Dólar fecha acima de R$ 5,90 pela primeira vez na história",1.0,2020-05-13,agenciabrasil.ebc.com.br,https://imagens.ebc.com.br/_tLpmXJkTER4gKAwxnf-vUl84aI=/1170x700/smart/https://agenciabrasil.ebc.com.br/sites/default/files/atoms/image/dolar_6.jpg?itok=1Dw923hf,200,OK,
n022,Agência Brasil,2020-05-18,"ANP: preço médio de revenda da gasolina acumula queda de 17,11%",https://agenciabrasil.ebc.com.br/economia/noticia/2020-05/anp-preco-medio-de-revenda-da-gasolina-acumula-queda-de-1711,False,True,200,https://agenciabrasil.ebc.com.br/economia/noticia/2020-05/anp-preco-medio-de-revenda-da-gasolina-acumula-queda-de-1711,0,"ANP: preço médio de revenda da gasolina acumula queda de 17,11%",1.0,2020-05-18,agenciabrasil.ebc.com.br,,,OK,
n023,Agência Brasil,2020-07-07,Publicada lei que cria o programa de manutenção do emprego e renda,https://agenciabrasil.ebc.com.br/politica/noticia/2020-07/Publicada-lei-que-cria-o-programa-de-manutencao-do-emprego-e-renda,True,True,200,https://agenciabrasil.ebc.com.br/politica/noticia/2020-07/Publicada-lei-que-cria-o-programa-de-manutencao-do-emprego-e-renda,0,Publicada lei que cria o programa de manutenção do emprego e renda,1.0,2020-07-07,agenciabrasil.ebc.com.br,,,OK,
n024,Agência Brasil,2020-08-05,Copom reduz juros básicos da economia para 2% ao ano,https://agenciabrasil.ebc.com.br/economia/noticia/2020-08/copom-reduz-juros-basicos-da-economia-para-2-ao-ano,True,True,200,https://agenciabrasil.ebc.com.br/economia/noticia/2020-08/copom-reduz-juros-basicos-da-economia-para-2-ao-ano,0,Copom reduz juros básicos da economia para 2% ao ano,1.0,2020-08-05,agenciabrasil.ebc.com.br,https://imagens.ebc.com.br/0KN7IARqDMTbD09D3d5EkSzcU48=/1170x700/smart/https://agenciabrasil.ebc.com.br/sites/default/files/thumbnails/image/banco_central_economia_0413202009.jpg?itok=QdbVS1tk,200,OK,
n025,Agência Brasil,2020-08-06,"Pnad: desemprego chega a 13,3% no segundo trimestre",https://agenciabrasil.ebc.com.br/economia/noticia/2020-08/pnad-desemprego-vai-133-no-segundo-trimestre,True,True,200,https://agenciabrasil.ebc.com.br/economia/noticia/2020-08/pnad-desemprego-vai-133-no-segundo-trimestre,0,"Pnad: desemprego chega a 13,3% no segundo trimestre",1.0,2020-08-06,agenciabrasil.ebc.com.br,https://imagens.ebc.com.br/p7j7E_Ua2_D-FYsKUEXHYJD3DAY=/1170x700/smart/https://agenciabrasil.ebc.com.br/sites/default/files/thumbnails/image/mascaras_rj_uso_obrigatorio_0424202567.jpg?itok=3zoCXG25,200,OK,
n026,Agência Brasil,2020-09-01,"PIB recua 9,7% no segundo trimestre",https://agenciabrasil.ebc.com.br/economia/noticia/2020-09/pib-recua-97-no-segundo-trimestre,True,True,200,https://agenciabrasil.ebc.com.br/economia/noticia/2020-09/pib-recua-97-no-segundo-trimestre,0,"PIB recua 9,7% no segundo trimestre",1.0,2020-09-01,agenciabrasil.ebc.com.br,https://imagens.ebc.com.br/qDQHGWRVzW0zDNyoa4r0YfZrhKg=/1170x700/smart/https://agenciabrasil.ebc.com.br/sites/default/files/atoms/image/notas_real_50_2_de_1.jpg?itok=r7hIxLf9,200,OK,
n027,Agência Brasil,2020-09-09,Governo zera imposto de importação do arroz até o final do ano,https://agenciabrasil.ebc.com.br/economia/noticia/2020-09/governo-zera-imposto-de-importacao-do-arroz-ate-o-final-do-ano,False,True,200,https://agenciabrasil.ebc.com.br/economia/noticia/2020-09/governo-zera-imposto-de-importacao-do-arroz-ate-o-final-do-ano,0,Governo zera imposto de importação do arroz até o final do ano,1.0,2020-09-09,agenciabrasil.ebc.com.br,https://imagens.ebc.com.br/JHjbksRkx18BDC3e3lo2a5Kg39U=/1170x700/smart/https://agenciabrasil.ebc.com.br/sites/default/files/thumbnails/image/arroz_1009201524.jpg?itok=FG2yxKkp,200,OK,
n028,Agência Brasil,2020-09-09,"Inflação oficial fica em 0,24% em agosto, diz IBGE",https://agenciabrasil.ebc.com.br/economia/noticia/2020-09/inflacao-oficial-fica-em-024-em-agosto-diz-ibge,False,True,200,https://agenciabrasil.ebc.com.br/economia/noticia/2020-09/inflacao-oficial-fica-em-024-em-agosto-diz-ibge,0,"Inflação oficial fica em 0,24% em agosto, diz IBGE",1.0,2020-09-09,agenciabrasil.ebc.com.br,https://imagens.ebc.com.br/NMcXECRiDuc6LQNnXDJFoXbPb0c=/1170x700/smart/https://agenciabrasil.ebc.com.br/sites/default/files/thumbnails/image/jfcrz_abr_30051916366df.jpg?itok=cfvzvaNS,200,OK,
n029,CNN Brasil,2020-09-10,Arroz chega a custar R$ 35 em supermercados de São Paulo,https://www.cnnbrasil.com.br/economia/seu-bolso/meu-dinheiro/arroz-chega-a-custar-r-35-em-supermercados-de-sao-paulo/,False,True,200,https://www.cnnbrasil.com.br/economia/seu-bolso/meu-dinheiro/arroz-chega-a-custar-r-35-em-supermercados-de-sao-paulo/,0,Arroz chega a custar R$ 35 em supermercados de São Paulo | CNN Brasil,0.95,2020-09-10,www.cnnbrasil.com.br,https://admin.cnnbrasil.com.br/wp-content/uploads/sites/12/2021/06/14118_FE388DD8AA020ABE.jpg?w=1600,200,OK,
n030,Agência Brasil,2020-09-22,"Gasolina sobe 4% nas refinarias, anuncia Petrobras",https://agenciabrasil.ebc.com.br/economia/noticia/2020-09/gasolina-sobe-4-nas-refinarias-anuncia-petrobras,False,True,200,https://agenciabrasil.ebc.com.br/economia/noticia/2020-09/gasolina-sobe-4-nas-refinarias-anuncia-petrobras,0,"Gasolina sobe 4% nas refinarias, anuncia Petrobras",1.0,2020-09-23,agenciabrasil.ebc.com.br,https://imagens.ebc.com.br/6CkJ5HsJgnMPmyrJxqXuET__30Q=/1170x700/smart/https://agenciabrasil.ebc.com.br/sites/default/files/thumbnails/image/_abr5101.jpg?itok=g1m7Bc2m,200,OK,
n031,Agência Brasil,2020-10-09,"Alimentos puxam alta de preços em setembro, aponta o IBGE",https://agenciabrasil.ebc.com.br/economia/noticia/2020-10/alimentos-puxam-alta-de-precos-em-setembro-aponta-o-ibge,False,True,200,https://agenciabrasil.ebc.com.br/economia/noticia/2020-10/alimentos-puxam-alta-de-precos-em-setembro-aponta-o-ibge,0,"Alimentos puxam alta de preços em setembro, aponta o IBGE",1.0,2020-10-09,agenciabrasil.ebc.com.br,https://imagens.ebc.com.br/lA1-rO1Kr80aYrdYMnTr7Z7dgYE=/1170x700/smart/https://agenciabrasil.ebc.com.br/sites/default/files/thumbnails/image/feijao.jpg?itok=LP1dIgj9,200,OK,
n032,Agência Brasil,2020-12-03,"PIB cresce 7,7% do segundo para o terceiro trimestre, diz IBGE",https://agenciabrasil.ebc.com.br/economia/noticia/2020-12/pib-cresce-77-do-segundo-para-o-terceiro-trimestre-diz-ibge,False,True,200,https://agenciabrasil.ebc.com.br/economia/noticia/2020-12/pib-cresce-77-do-segundo-para-o-terceiro-trimestre-diz-ibge,0,"PIB cresce 7,7% do segundo para o terceiro trimestre, diz IBGE",1.0,2020-12-03,agenciabrasil.ebc.com.br,,,OK,
n033,CNN Brasil,2021-01-12,Óleo de soja mais que dobra de preço e arroz sobe 76% no acumulado de 2020,https://www.cnnbrasil.com.br/economia/macroeconomia/ipca-oleo-de-soja-mais-que-dobra-de-preco-e-arroz-sobe-76-no-acumulado-de-2020/,False,True,200,https://www.cnnbrasil.com.br/economia/seu-bolso/meu-dinheiro/ipca-oleo-de-soja-mais-que-dobra-de-preco-e-arroz-sobe-76-no-acumulado-de-2020/,1,Óleo de soja mais que dobra de preço e arroz sobe 76% no acumulado de 2020 | CNN Brasil,0.95,2021-01-12,www.cnnbrasil.com.br,https://admin.cnnbrasil.com.br/wp-content/uploads/sites/12/2021/06/14181_436739C0DA426C58-10.jpg?w=1600,200,OK_COM_REDIRECT,
n034,Agência Brasil,2021-03-01,"Petrobras anuncia nova alta nos preços da gasolina, diesel e gás",https://agenciabrasil.ebc.com.br/economia/noticia/2021-03/petrobras-anuncia-nova-alta-nos-precos-da-gasolina-diesel-e-gas,False,True,200,https://agenciabrasil.ebc.com.br/economia/noticia/2021-03/petrobras-anuncia-nova-alta-nos-precos-da-gasolina-diesel-e-gas,0,"Petrobras anuncia nova alta nos preços da gasolina, diesel e gás",1.0,2021-03-01,agenciabrasil.ebc.com.br,https://imagens.ebc.com.br/6CkJ5HsJgnMPmyrJxqXuET__30Q=/1170x700/smart/https://agenciabrasil.ebc.com.br/sites/default/files/thumbnails/image/_abr5101.jpg?itok=g1m7Bc2m,200,OK,
n035,Agência Brasil,2021-03-03,"PIB de 2020 fecha com queda de 4,1%, revela pesquisa do IBGE",https://agenciabrasil.ebc.com.br/economia/noticia/2021-03/pib-de-2020-fecha-com-queda-de-41-revela-pesquisa-do-ibge,True,True,200,https://agenciabrasil.ebc.com.br/economia/noticia/2021-03/pib-de-2020-fecha-com-queda-de-41-revela-pesquisa-do-ibge,0,"PIB de 2020 fecha com queda de 4,1%, revela pesquisa do IBGE",1.0,2021-03-03,agenciabrasil.ebc.com.br,,,OK,
n036,Agência Brasil,2021-03-06,Aumento da gasolina também causa impacto no preço do etanol,https://agenciabrasil.ebc.com.br/economia/noticia/2021-03/aumento-da-gasolina-tambem-causa-impacto-no-preco-do-etanol,False,True,200,https://agenciabrasil.ebc.com.br/economia/noticia/2021-03/aumento-da-gasolina-tambem-causa-impacto-no-preco-do-etanol,0,Aumento da gasolina também causa impacto no preço do etanol,1.0,2021-03-06,agenciabrasil.ebc.com.br,https://imagens.ebc.com.br/OTdlz1eqNLBe_1QQbCB7sE96O7g=/1170x700/smart/https://agenciabrasil.ebc.com.br/sites/default/files/thumbnails/image/tmazs_edit_24051807918.jpg?itok=_nRykD9n,200,OK,
n037,Agência Brasil,2021-03-08,"Dólar encosta em R$ 5,80 e fecha no maior valor em 10 meses",https://agenciabrasil.ebc.com.br/economia/noticia/2021-03/dolar-encosta-em-r-580-e-fecha-no-maior-valor-em-10-meses,False,True,200,https://agenciabrasil.ebc.com.br/economia/noticia/2021-03/dolar-encosta-em-r-580-e-fecha-no-maior-valor-em-10-meses,0,"Dólar encosta em R$ 5,80 e fecha no maior valor em 10 meses",1.0,2021-03-08,agenciabrasil.ebc.com.br,,,OK,
n038,Agência Brasil,2021-03-10,"Desemprego registrou taxa média de 13,5% em 2020",https://agenciabrasil.ebc.com.br/economia/noticia/2021-03/desemprego-registrou-taxa-media-de-135-em-2020,True,True,200,https://agenciabrasil.ebc.com.br/economia/noticia/2021-03/desemprego-registrou-taxa-media-de-135-em-2020,0,"Desemprego registrou taxa média de 13,5% em 2020",1.0,2021-03-10,agenciabrasil.ebc.com.br,,,OK,
n039,Agência Brasil,2021-03-17,Copom eleva juros básicos da economia pela primeira vez em seis anos,https://agenciabrasil.ebc.com.br/economia/noticia/2021-03/copom-eleva-juros-basicos-da-economia-pela-primeira-vez-em-seis-anos,True,True,200,https://agenciabrasil.ebc.com.br/economia/noticia/2021-03/copom-eleva-juros-basicos-da-economia-pela-primeira-vez-em-seis-anos,0,Copom eleva juros básicos da economia pela primeira vez em seis anos,1.0,2021-03-17,agenciabrasil.ebc.com.br,https://imagens.ebc.com.br/u87T89Tlm_bnEg1JxZsPqr0d6WU=/1170x700/smart/https://agenciabrasil.ebc.com.br/sites/default/files/thumbnails/image/banco_central_economia_0413202012.jpg?itok=eg1USNW2,200,OK,
n040,Agência Brasil,2021-05-27,"Percentual de desocupados supera 14%, diz IBGE",https://agenciabrasil.ebc.com.br/economia/noticia/2021-05/percentual-de-desocupados-supera-14-diz-IBGE,True,True,200,https://agenciabrasil.ebc.com.br/economia/noticia/2021-05/percentual-de-desocupados-supera-14-diz-IBGE,0,"Percentual de desocupados supera 14%, diz IBGE",1.0,2021-05-27,agenciabrasil.ebc.com.br,,,OK,
n041,Exame,2021-06-04,Ibovespa supera 130 mil pontos pela primeira vez na história,https://exame.com/invest/mercados/ibovespa-04-06-2021/,False,True,200,https://exame.com/invest/mercados/ibovespa-04-06-2021/,0,Ibovespa supera 130 mil pontos pela primeira vez na história,1.0,2021-06-04,exame.com,https://classic.exame.com/wp-content/uploads/2021/05/DSC2685bx.jpg,200,OK,
n042,Agência Brasil,2021-08-31,"Aneel cria nova bandeira tarifária, e conta de luz fica mais cara",https://agenciabrasil.ebc.com.br/economia/noticia/2021-08/aneel-cria-nova-bandeira-tarifaria-e-conta-de-luz-fica-mais-cara,True,True,200,https://agenciabrasil.ebc.com.br/economia/noticia/2021-08/aneel-cria-nova-bandeira-tarifaria-e-conta-de-luz-fica-mais-cara,0,"Aneel cria nova bandeira tarifária, e conta de luz fica mais cara",1.0,2021-08-31,agenciabrasil.ebc.com.br,,,OK,
n043,Agência Brasil,2021-10-06,"Cesta básica tem alta em 11 capitais, diz Dieese",https://agenciabrasil.ebc.com.br/economia/noticia/2021-10/cesta-basica-tem-alta-em-11-capitais-diz-dieese,False,True,200,https://agenciabrasil.ebc.com.br/economia/noticia/2021-10/cesta-basica-tem-alta-em-11-capitais-diz-dieese,0,"Cesta básica tem alta em 11 capitais, diz Dieese",1.0,2021-10-06,agenciabrasil.ebc.com.br,https://imagens.ebc.com.br/bvtvZQvb2wWFy6wiezFFEwh0dk8=/1170x700/smart/https://agenciabrasil.ebc.com.br/sites/default/files/atoms/image/supermercados_dia_8.jpg?itok=pG5_k7OS,200,OK,
n044,Agência Brasil,2021-10-08,"Inflação oficial fica em 1,16% em setembro, diz IBGE",https://agenciabrasil.ebc.com.br/economia/noticia/2021-10/inflacao-oficial-fica-em-116-em-setembro-diz-ibge,True,True,200,https://agenciabrasil.ebc.com.br/economia/noticia/2021-10/inflacao-oficial-fica-em-116-em-setembro-diz-ibge,0,"Inflação oficial fica em 1,16% em setembro, diz IBGE",1.0,2021-10-08,agenciabrasil.ebc.com.br,https://imagens.ebc.com.br/_FJxFLi6KD6mvgOUUEgSnuYQMQM=/1170x700/smart/https://agenciabrasil.ebc.com.br/sites/default/files/thumbnails/image/economia_1609210416_0.jpg?itok=NJPzWyCD,200,OK,
n045,Agência Brasil,2021-10-09,Petrobras reajusta hoje preços do gás de cozinha e da gasolina,https://agenciabrasil.ebc.com.br/economia/noticia/2021-10/petrobras-reajusta-hoje-precos-do-gas-de-cozinha-e-da-gasolina,False,True,200,https://agenciabrasil.ebc.com.br/economia/noticia/2021-10/petrobras-reajusta-hoje-precos-do-gas-de-cozinha-e-da-gasolina,0,Petrobras reajusta hoje preços do gás de cozinha e da gasolina,1.0,2021-10-09,agenciabrasil.ebc.com.br,https://imagens.ebc.com.br/gTPAfCtMPm2dJ16rS2XuxBehtFo=/1170x700/smart/https://agenciabrasil.ebc.com.br/sites/default/files/thumbnails/image/_mg_1605.jpg?itok=0EsdfZaq,200,OK,
n046,Agência Brasil,2021-12-08,Congresso promulga primeira parte da PEC dos Precatórios,https://agenciabrasil.ebc.com.br/politica/noticia/2021-12/congresso-promulga-primeira-parte-da-pec-dos-precatorios,True,True,200,https://agenciabrasil.ebc.com.br/politica/noticia/2021-12/congresso-promulga-primeira-parte-da-pec-dos-precatorios,0,Congresso promulga primeira parte da PEC dos Precatórios,1.0,2021-12-08,agenciabrasil.ebc.com.br,,,OK,
n047,Agência Brasil,2021-12-28,"Ocupação aumenta no mercado de trabalho, mas rendimento cai, diz IBGE",https://agenciabrasil.ebc.com.br/economia/noticia/2021-12/ocupacao-aumenta-no-mercado-de-trabalho-mas-rendimento-cai-diz-ibge,True,True,200,https://agenciabrasil.ebc.com.br/economia/noticia/2021-12/ocupacao-aumenta-no-mercado-de-trabalho-mas-rendimento-cai-diz-ibge,0,"Ocupação aumenta no mercado de trabalho, mas rendimento cai, diz IBGE",1.0,2021-12-28,agenciabrasil.ebc.com.br,https://imagens.ebc.com.br/pBYLpSdDEDKftVPbSbHpZ9WDX4o=/1170x700/smart/https://agenciabrasil.ebc.com.br/sites/default/files/thumbnails/image/carteira-de-trabalho-digital_mcamgo_abr_240620211818-7.jpg?itok=mcJZ2kK9,200,OK,
n048,Agência Brasil,2022-02-24,"IBGE: desemprego no país cai para 11,1% no quarto trimestre",https://agenciabrasil.ebc.com.br/economia/noticia/2022-02/ibge-desemprego-no-pais-cai-para-111-no-quarto-trimestre,True,True,200,https://agenciabrasil.ebc.com.br/economia/noticia/2022-02/ibge-desemprego-no-pais-cai-para-111-no-quarto-trimestre,0,"IBGE: desemprego no país cai para 11,1% no quarto trimestre",1.0,2022-02-24,agenciabrasil.ebc.com.br,,,OK,
n049,Agência Brasil,2022-02-27,Guerra entre Rússia e Ucrânia pode impactar inflação e PIB no Brasil,https://agenciabrasil.ebc.com.br/economia/noticia/2022-02/guerra-entre-russia-e-ucrania-pode-impactar-inflacao-e-pib-no-brasil,True,True,200,https://agenciabrasil.ebc.com.br/economia/noticia/2022-02/guerra-entre-russia-e-ucrania-pode-impactar-inflacao-e-pib-no-brasil,0,Guerra entre Rússia e Ucrânia pode impactar inflação e PIB no Brasil,1.0,2022-02-27,agenciabrasil.ebc.com.br,,,OK,
n050,Agência Brasil,2022-03-04,"PIB cresce 4,6% em 2021 e supera perdas da pandemia",https://agenciabrasil.ebc.com.br/economia/noticia/2022-03/pib-cresce-46-em-2021-e-supera-perdas-da-pandemia,True,True,200,https://agenciabrasil.ebc.com.br/economia/noticia/2022-03/pib-cresce-46-em-2021-e-supera-perdas-da-pandemia,0,"PIB cresce 4,6% em 2021 e supera perdas da pandemia",1.0,2022-03-04,agenciabrasil.ebc.com.br,,,OK,
n051,Agência Brasil,2022-03-10,Petrobras reajusta preços da gasolina e diesel para as distribuidoras,https://agenciabrasil.ebc.com.br/economia/noticia/2022-03/petrobras-reajusta-precos-da-gasolina-e-diesel-para-distribuidoras,True,True,200,https://agenciabrasil.ebc.com.br/economia/noticia/2022-03/petrobras-reajusta-precos-da-gasolina-e-diesel-para-distribuidoras,0,Petrobras reajusta preços da gasolina e diesel para as distribuidoras,1.0,2022-03-10,agenciabrasil.ebc.com.br,https://imagens.ebc.com.br/gTPAfCtMPm2dJ16rS2XuxBehtFo=/1170x700/smart/https://agenciabrasil.ebc.com.br/sites/default/files/thumbnails/image/_mg_1605.jpg?itok=0EsdfZaq,200,OK,
n052,CNN Brasil,2022-03-19,Preço de gás de cozinha dispara e botijão já é vendido a R$ 160,https://www.cnnbrasil.com.br/economia/macroeconomia/preco-de-gas-de-cozinha-dispara-e-botijao-ja-e-vendido-a-r-160/,False,True,200,https://www.cnnbrasil.com.br/economia/seu-bolso/meu-dinheiro/preco-de-gas-de-cozinha-dispara-e-botijao-ja-e-vendido-a-r-160/,1,Preço de gás de cozinha dispara e botijão já é vendido a R$ 160 | CNN Brasil,0.95,2022-03-19,www.cnnbrasil.com.br,https://admin.cnnbrasil.com.br/wp-content/uploads/sites/12/2021/10/Gas-de-Cozinha.jpg?w=1600,200,OK_COM_REDIRECT,
n053,Agência Brasil,2022-03-27,Troca de gasolina por etanol pode não ser vantajosa para o consumidor,https://agenciabrasil.ebc.com.br/economia/noticia/2022-03/troca-de-gasolina-por-etanol-pode-nao-ser-vantajosa-para-o-consumidor,False,True,200,https://agenciabrasil.ebc.com.br/economia/noticia/2022-03/troca-de-gasolina-por-etanol-pode-nao-ser-vantajosa-para-o-consumidor,0,Troca de gasolina por etanol pode não ser vantajosa para o consumidor,1.0,2022-03-27,agenciabrasil.ebc.com.br,https://imagens.ebc.com.br/zLxNX4zU609McMCwZXF1iHJZ7Oc=/1170x700/smart/https://agenciabrasil.ebc.com.br/sites/default/files/thumbnails/image/rvrsa_1509210385.jpg?itok=nVw0WwAH,200,OK,
n054,Agência Brasil,2022-04-27,"Preço da gasolina chega a R$ 7,27 e é o mais alto registrado pela ANP",https://agenciabrasil.ebc.com.br/economia/noticia/2022-04/preco-da-gasolina-chega-r-727-e-e-o-mais-alto-registrado-pela-anp,True,True,200,https://agenciabrasil.ebc.com.br/economia/noticia/2022-04/preco-da-gasolina-chega-r-727-e-e-o-mais-alto-registrado-pela-anp,0,"Preço da gasolina chega a R$ 7,27 e é o mais alto registrado pela ANP",1.0,2022-04-27,agenciabrasil.ebc.com.br,https://imagens.ebc.com.br/Ip19am18e3DmYcxoCFzHCdUkKjw=/1170x700/smart/https://agenciabrasil.ebc.com.br/sites/default/files/thumbnails/image/aumento_gazolina_rj_0506202742.jpg?itok=LvR8yvtJ,200,OK,
n055,CNN Brasil,2022-05-06,"Preço médio da gasolina chega a R$ 7,29 e bate recorde histórico, aponta ANP",https://www.cnnbrasil.com.br/economia/macroeconomia/anp-valor-medio-da-gasolina-chega-a-r-73-maior-da-serie-historica/,False,True,200,https://www.cnnbrasil.com.br/economia/seu-bolso/meu-dinheiro/anp-valor-medio-da-gasolina-chega-a-r-73-maior-da-serie-historica/,1,"Preço médio da gasolina chega a R$ 7,29 e bate recorde histórico, aponta ANP | CNN Brasil",0.95,2022-05-06,www.cnnbrasil.com.br,https://admin.cnnbrasil.com.br/wp-content/uploads/sites/12/2022/03/GettyImages-88583608.jpg?w=1600,200,OK_COM_REDIRECT,
n056,Poder360,2022-05-06,"Preço médio da gasolina bate recorde e litro vai a R$ 7,29",https://www.poder360.com.br/economia/preco-medio-da-gasolina-bate-recorde-e-litro-vai-a-r-729/,False,True,200,https://www.poder360.com.br/economia/preco-medio-da-gasolina-bate-recorde-e-litro-vai-a-r-729/,0,"Preço médio da gasolina bate recorde e litro vai a R$ 7,29",1.0,2022-05-06,www.poder360.com.br,https://static.poder360.com.br/uploads/2022/03/Combustiveis-Gasolina-Postos-Fila-Abastecimento-Guerra-Petroleo-9-scaled.jpg,200,OK,
n057,Agência Brasil,2022-05-11,"Inflação oficial fica em 1,06% em abril, diz IBGE",https://agenciabrasil.ebc.com.br/economia/noticia/2022-05/inflacao-oficial-fica-em-106-em-abril-diz-ibge,True,True,200,https://agenciabrasil.ebc.com.br/economia/noticia/2022-05/inflacao-oficial-fica-em-106-em-abril-diz-ibge,0,"Inflação oficial fica em 1,06% em abril, diz IBGE",1.0,2022-05-11,agenciabrasil.ebc.com.br,https://imagens.ebc.com.br/YOgftgRVDh7ELu_7xpktog8ppW8=/1170x700/smart/https://agenciabrasil.ebc.com.br/sites/default/files/thumbnails/image/20.05.2020.supermercado_rio_de_janeiro_0520203151.jpg?itok=3wM8_vCV,200,OK,
n058,Exame,2022-05-11,"Inflação de abril é de 1,06% no IPCA, a maior para o mês desde 1996",https://exame.com/economia/inflacao-ipca-abril-2022/,False,True,200,https://exame.com/economia/inflacao-ipca-abril-2022/,0,"Inflação de abril é de 1,06% no IPCA, a maior para o mês desde 1996",1.0,2022-05-11,exame.com,https://classic.exame.com/wp-content/uploads/2022/04/IMG_6419site.jpg,200,OK,
n059,InfoMoney,2022-05-23,"Trigo, café e óleo de soja continuam subindo no Brasil com guerra, diz Abia",https://www.infomoney.com.br/mercados/trigo-cafe-e-oleo-de-soja-continuam-subindo-no-brasil-com-guerra-diz-abia/,False,True,200,https://www.infomoney.com.br/mercados/trigo-cafe-e-oleo-de-soja-continuam-subindo-no-brasil-com-guerra-diz-abia/,0,"Trigo, café e óleo de soja continuam subindo no Brasil com guerra, diz Abia",1.0,2022-05-23,www.infomoney.com.br,,,OK,
n060,Agência Brasil,2022-06-24,"Preço da cesta básica paulistana aumenta 1,36%, diz Procon-SP",https://agenciabrasil.ebc.com.br/economia/noticia/2022-06/preco-da-cesta-basica-paulistana-aumenta-136-diz-procon-sp,False,True,200,https://agenciabrasil.ebc.com.br/economia/noticia/2022-06/preco-da-cesta-basica-paulistana-aumenta-136-diz-procon-sp,0,"Preço da cesta básica paulistana aumenta 1,36%, diz Procon-SP",1.0,2022-06-24,agenciabrasil.ebc.com.br,,,OK,
n061,Agência Brasil,2022-06-24,Presidente sanciona com vetos lei que previa compensações de ICMS,https://agenciabrasil.ebc.com.br/economia/noticia/2022-06/presidente-sanciona-com-vetos-lei-que-previa-compensacoes-de-icms,True,True,200,https://agenciabrasil.ebc.com.br/economia/noticia/2022-06/presidente-sanciona-com-vetos-lei-que-previa-compensacoes-de-icms,0,Presidente sanciona com vetos lei que previa compensações de ICMS,1.0,2022-06-24,agenciabrasil.ebc.com.br,https://imagens.ebc.com.br/JL3gRj2WIBKGdKmzXXfL8mubmrs=/1170x700/smart/https://agenciabrasil.ebc.com.br/sites/default/files/thumbnails/image/wdo_2107_0.jpg?itok=VQmmq7oz,200,OK,
n062,Agência Brasil,2022-06-30,"IBGE: desemprego cai para 9,8%; rendimento fica estável",https://agenciabrasil.ebc.com.br/economia/noticia/2022-06/ibge-desemprego-cai-para-98-rendimento-fica-estavel,True,True,200,https://agenciabrasil.ebc.com.br/economia/noticia/2022-06/ibge-desemprego-cai-para-98-rendimento-fica-estavel,0,"IBGE: desemprego cai para 9,8%; rendimento fica estável",1.0,2022-06-30,agenciabrasil.ebc.com.br,https://imagens.ebc.com.br/pBYLpSdDEDKftVPbSbHpZ9WDX4o=/1170x700/smart/https://agenciabrasil.ebc.com.br/sites/default/files/thumbnails/image/carteira-de-trabalho-digital_mcamgo_abr_240620211818-7.jpg?itok=mcJZ2kK9,200,OK,
n063,Agência Brasil,2022-07-08,"Preço médio da gasolina cai R$ 0,90 no país em três semanas",https://agenciabrasil.ebc.com.br/economia/noticia/2022-07/preco-medio-da-gasolina-cai-r-090-no-pais-em-tres-semanas,False,True,200,https://agenciabrasil.ebc.com.br/economia/noticia/2022-07/preco-medio-da-gasolina-cai-r-090-no-pais-em-tres-semanas,0,"Preço médio da gasolina cai R$ 0,90 no país em três semanas",1.0,2022-07-09,agenciabrasil.ebc.com.br,https://imagens.ebc.com.br/EakTTJrRtwr_VO4j_DBAgqNdbNE=/1170x700/smart/https://agenciabrasil.ebc.com.br/sites/default/files/thumbnails/image/_posto_de_combustivel_mcajr_abr_1609210451.jpg?itok=9dUN4QvW,200,OK,
n064,Agência Brasil,2022-07-14,Congresso promulga PEC que aumenta benefícios sociais até dezembro,https://agenciabrasil.ebc.com.br/politica/noticia/2022-07/congresso-promulga-pec-que-aumenta-beneficios-sociais-ate-dezembro,True,True,200,https://agenciabrasil.ebc.com.br/politica/noticia/2022-07/congresso-promulga-pec-que-aumenta-beneficios-sociais-ate-dezembro,0,Congresso promulga PEC que aumenta benefícios sociais até dezembro,1.0,2022-07-14,agenciabrasil.ebc.com.br,,,OK,
n065,Agência Brasil,2022-08-03,"Copom eleva juros básicos da economia para 13,75% ao ano",https://agenciabrasil.ebc.com.br/economia/noticia/2022-08/copom-eleva-juros-basicos-da-economia-para-1375-ao-ano,True,True,200,https://agenciabrasil.ebc.com.br/economia/noticia/2022-08/copom-eleva-juros-basicos-da-economia-para-1375-ao-ano,0,"Copom eleva juros básicos da economia para 13,75% ao ano",1.0,2022-08-03,agenciabrasil.ebc.com.br,https://imagens.ebc.com.br/pZiOgdGuXB2OHUeJwOM1aZUZOys=/1170x700/smart/https://agenciabrasil.ebc.com.br/sites/default/files/thumbnails/image/banco_central_mcajr_abr_0104222279_0.jpg?itok=Fo0G81tZ,200,OK,
n066,Agência Brasil,2022-08-09,IPCA: deflação foi puxada por combustíveis; preços de alimentos sobem,https://agenciabrasil.ebc.com.br/economia/noticia/2022-08/ipca-deflacao-foi-puxada-por-combustiveis-precos-de-alimentos-sobem,False,True,200,https://agenciabrasil.ebc.com.br/economia/noticia/2022-08/ipca-deflacao-foi-puxada-por-combustiveis-precos-de-alimentos-sobem,0,IPCA: deflação foi puxada por combustíveis; preços de alimentos sobem,1.0,2022-08-09,agenciabrasil.ebc.com.br,https://imagens.ebc.com.br/0dMCwreNp0KUtNHPs9ELtU5njww=/1170x700/smart/https://agenciabrasil.ebc.com.br/sites/default/files/thumbnails/image/supermercado_economia_20220729_0887.jpg?itok=3hIXtsQs,200,OK,
n067,Agência Brasil,2022-08-09,"IPCA tem deflação de 0,68% em julho, menor taxa da série histórica",https://agenciabrasil.ebc.com.br/economia/noticia/2022-08/ipca-tem-deflacao-de-068-em-julho-menor-taxa-da-serie-historica,True,True,200,https://agenciabrasil.ebc.com.br/economia/noticia/2022-08/ipca-tem-deflacao-de-068-em-julho-menor-taxa-da-serie-historica,0,"IPCA tem deflação de 0,68% em julho, menor taxa da série histórica",1.0,2022-08-09,agenciabrasil.ebc.com.br,https://imagens.ebc.com.br/AChhqV_tqYhYSrsNlssVxs30_f4=/1170x700/smart/https://agenciabrasil.ebc.com.br/sites/default/files/thumbnails/image/real_moedadinheiro_jfcrz_abr_1701220048_1.jpg?itok=x0brd3gH,200,OK,
n068,CNN Brasil,2022-10-21,"Preço médio diesel S10 em bombas sobe após 16 semanas de queda, diz ANP",https://www.cnnbrasil.com.br/economia/macroeconomia/preco-medio-diesel-s10-em-bombas-sobe-apos-16-semanas-de-queda-diz-anp/,False,True,200,https://www.cnnbrasil.com.br/economia/seu-bolso/meu-dinheiro/preco-medio-diesel-s10-em-bombas-sobe-apos-16-semanas-de-queda-diz-anp/,1,"Preço médio diesel S10 em bombas sobe após 16 semanas de queda, diz ANP | CNN Brasil",0.95,2022-10-21,www.cnnbrasil.com.br,https://admin.cnnbrasil.com.br/wp-content/uploads/sites/12/2022/07/GettyImages-1277539916-e1752005688974.jpg?w=1600,200,OK_COM_REDIRECT,
n069,Agência Brasil,2022-12-22,Congresso promulga PEC da Transição,https://agenciabrasil.ebc.com.br/politica/noticia/2022-12/congresso-promulga-pec-da-transicao,True,True,200,https://agenciabrasil.ebc.com.br/politica/noticia/2022-12/congresso-promulga-pec-da-transicao,0,Congresso promulga PEC da Transição,1.0,2022-12-22,agenciabrasil.ebc.com.br,https://imagens.ebc.com.br/HR269ecIQikL38M9VV9bC1Fwqi0=/1170x700/smart/https://agenciabrasil.ebc.com.br/sites/default/files/thumbnails/image/monumentos_brasilia_cupula_plenario_da_camara_dos_deputados3103201338.jpg?itok=6u2HIdWI,200,OK,
n070,Agência Brasil,2022-12-30,"Ibovespa fecha ano com alta de 4,69% e dólar com queda de 5,3%",https://agenciabrasil.ebc.com.br/economia/noticia/2022-12/ibovespa-fecha-ano-com-alta-de-469-e-dolar-com-queda-de-53,False,True,200,https://agenciabrasil.ebc.com.br/economia/noticia/2022-12/ibovespa-fecha-ano-com-alta-de-469-e-dolar-com-queda-de-53,0,"Ibovespa fecha ano com alta de 4,69% e dólar com queda de 5,3%",1.0,2022-12-30,agenciabrasil.ebc.com.br,https://imagens.ebc.com.br/JDvHQVEncsWFKMHWIPjEg4-zQro=/1170x700/smart/https://agenciabrasil.ebc.com.br/sites/default/files/thumbnails/image/dolar_moeda_0803221210.jpg?itok=1FxVwgAy,200,OK,
n071,Poder360,2023-02-28,"Governo Lula cobrará R$ 0,47 de imposto sobre o litro da gasolina",https://www.poder360.com.br/economia/governo-lula-cobrara-r-047-de-imposto-sobre-o-litro-da-gasolina/,True,True,200,https://www.poder360.com.br/economia/governo-lula-cobrara-r-047-de-imposto-sobre-o-litro-da-gasolina/,0,"Governo Lula cobrará R$ 0,47 de imposto sobre o litro da gasolina",1.0,2023-02-28,www.poder360.com.br,https://static.poder360.com.br/uploads/2023/02/Coletiva-Haddad-Combustiveis-scaled.jpg,200,OK,
n072,Agência Brasil,2023-02-28,"Taxa média de desocupação em 2022 ficou em 9,3%, diz IBGE",https://agenciabrasil.ebc.com.br/economia/noticia/2023-02/taxa-media-de-desocupacao-em-2022-ficou-em-93-diz-ibge,True,True,200,https://agenciabrasil.ebc.com.br/economia/noticia/2023-02/taxa-media-de-desocupacao-em-2022-ficou-em-93-diz-ibge,0,"Taxa média de desocupação em 2022 ficou em 9,3%, diz IBGE",1.0,2023-02-28,agenciabrasil.ebc.com.br,https://imagens.ebc.com.br/7nbvgAWoJpzF3pAXFEL0rq9SInQ=/1170x700/smart/https://agenciabrasil.ebc.com.br/sites/default/files/thumbnails/image/rodoviaria_do_plano_piloto_fcpzzb_abr_20220414_0509.jpg?itok=nDKrGwjK,200,OK,
n073,Agência Brasil,2023-03-02,"PIB cresce 2,9% em 2022 e fecha o ano em R$ 9,9 trilhões",https://agenciabrasil.ebc.com.br/economia/noticia/2023-03/pib-cresce-29-em-2022-e-fecha-o-ano-em-r-99-trilhoes,False,True,200,https://agenciabrasil.ebc.com.br/economia/noticia/2023-03/pib-cresce-29-em-2022-e-fecha-o-ano-em-r-99-trilhoes,0,"PIB cresce 2,9% em 2022 e fecha o ano em R$ 9,9 trilhões",1.0,2023-03-02,agenciabrasil.ebc.com.br,https://imagens.ebc.com.br/FmShOwBMKjM6q8A5-0RygtI6k_4=/1170x700/smart/https://agenciabrasil.ebc.com.br/sites/default/files/thumbnails/image/economia_1609210423_0.jpg?itok=-M8-qJCI,200,OK,
n074,Agência Brasil,2023-04-12,Dólar fecha abaixo de R$ 5 pela primeira vez em dez meses,https://agenciabrasil.ebc.com.br/economia/noticia/2023-04/dolar-fecha-abaixo-de-r-5-pela-primeira-vez-em-dez-meses,False,True,200,https://agenciabrasil.ebc.com.br/economia/noticia/2023-04/dolar-fecha-abaixo-de-r-5-pela-primeira-vez-em-dez-meses,0,Dólar fecha abaixo de R$ 5 pela primeira vez em dez meses,1.0,2023-04-12,agenciabrasil.ebc.com.br,,,OK,
n075,Agência Brasil,2023-05-01,Salário mínimo de R$ 1.320 entra em vigor nesta segunda,https://agenciabrasil.ebc.com.br/economia/noticia/2023-05/salario-minimo-de-r-1320-entra-em-vigor-nesta-segunda,True,True,200,https://agenciabrasil.ebc.com.br/economia/noticia/2023-05/salario-minimo-de-r-1320-entra-em-vigor-nesta-segunda,0,Salário mínimo de R$ 1.320 entra em vigor nesta segunda,1.0,2023-05-01,agenciabrasil.ebc.com.br,,,OK,
n076,CNN Brasil,2023-05-16,Petrobras anuncia fim da paridade internacional de preços do petróleo,https://www.cnnbrasil.com.br/economia/macroeconomia/petrobras-anuncia-fim-da-paridade-internacional-de-precos-do-petroleo/,True,True,200,https://www.cnnbrasil.com.br/economia/seu-bolso/meu-dinheiro/petrobras-anuncia-fim-da-paridade-internacional-de-precos-do-petroleo/,1,Petrobras anuncia fim da paridade internacional de preços do petróleo | CNN Brasil,0.95,2023-05-16,www.cnnbrasil.com.br,,,OK_COM_REDIRECT,
n077,CNN Brasil,2023-08-02,"Pela 1ª vez em três anos, Banco Central corta taxa de juros; Selic vai a 13,25% ao ano",https://www.cnnbrasil.com.br/economia/financas/decisao-copom-selic-050-02-ago-23/,True,True,200,https://www.cnnbrasil.com.br/economia/seu-bolso/meu-dinheiro/decisao-copom-selic-050-02-ago-23/,1,"Pela 1ª vez em três anos, Banco Central corta taxa de juros; Selic vai a 13,25% ao ano | CNN Brasil",0.95,2023-08-02,www.cnnbrasil.com.br,,,OK_COM_REDIRECT,
n078,Agência Brasil,2023-08-31,Veto a dispositivo do arcabouço facilitará acordos sobre precatórios,https://agenciabrasil.ebc.com.br/economia/noticia/2023-08/veto-dispositivo-do-arcabouco-facilitara-acordos-sobre-precatorios,True,True,200,https://agenciabrasil.ebc.com.br/economia/noticia/2023-08/veto-dispositivo-do-arcabouco-facilitara-acordos-sobre-precatorios,0,Veto a dispositivo do arcabouço facilitará acordos sobre precatórios,1.0,2023-08-31,agenciabrasil.ebc.com.br,,,OK,
n079,Agência Brasil,2023-10-05,Dieese: preço da cesta básica cai em 14 de 17 capitais pesquisadas,https://agenciabrasil.ebc.com.br/economia/noticia/2023-10/dieese-preco-da-cesta-basica-cai-em-14-de-17-capitais-pesquisadas,False,True,200,https://agenciabrasil.ebc.com.br/economia/noticia/2023-10/dieese-preco-da-cesta-basica-cai-em-14-de-17-capitais-pesquisadas,0,Dieese: preço da cesta básica cai em 14 de 17 capitais pesquisadas,1.0,2023-10-05,agenciabrasil.ebc.com.br,https://imagens.ebc.com.br/5gy1kG0_gIFehzVqH4mMaNqUbvA=/1170x700/smart/https://agenciabrasil.ebc.com.br/sites/default/files/thumbnails/image/supermercado_economia_20220729_0888.jpg?itok=Gsb9m-Jq,200,OK,
n080,Agência Brasil,2023-10-26,"Prévia da inflação oficial fica em 0,21% em outubro, informa IBGE",https://agenciabrasil.ebc.com.br/economia/noticia/2023-10/previa-da-inflacao-oficial-fica-em-021-em-outubro-informa-ibge,False,True,200,https://agenciabrasil.ebc.com.br/economia/noticia/2023-10/previa-da-inflacao-oficial-fica-em-021-em-outubro-informa-ibge,0,"Prévia da inflação oficial fica em 0,21% em outubro, informa IBGE",1.0,2023-10-26,agenciabrasil.ebc.com.br,https://imagens.ebc.com.br/GyxytXByQze3A9YkQXtDTU42qTs=/1170x700/smart/https://agenciabrasil.ebc.com.br/sites/default/files/atoms/image/economia_ilustracao-5.jpg?itok=ifWO4rkz,200,OK,
n081,Agência Brasil,2023-12-20,Congresso promulga emenda constitucional da reforma tributária,https://agenciabrasil.ebc.com.br/economia/noticia/2023-12/congresso-promulga-emenda-constitucional-da-reforma-tributaria,True,True,200,https://agenciabrasil.ebc.com.br/economia/noticia/2023-12/congresso-promulga-emenda-constitucional-da-reforma-tributaria,0,Congresso promulga emenda constitucional da reforma tributária,1.0,2023-12-20,agenciabrasil.ebc.com.br,https://imagens.ebc.com.br/hJaOUq8utl5qlkwx5d986Yy5Srk=/1170x700/smart/https://agenciabrasil.ebc.com.br/sites/default/files/thumbnails/image/lula7788-5.jpg?itok=Kmei8skC,200,OK,
n082,Agência Brasil,2023-12-27,Entenda como os preços dos combustíveis variaram em 2023,https://agenciabrasil.ebc.com.br/economia/noticia/2023-12/entenda-como-os-precos-dos-combustiveis-variaram-em-2023,False,True,200,https://agenciabrasil.ebc.com.br/economia/noticia/2023-12/entenda-como-os-precos-dos-combustiveis-variaram-em-2023,0,Entenda como os preços dos combustíveis variaram em 2023,1.0,2023-12-27,agenciabrasil.ebc.com.br,,,OK,
n083,Agência Brasil,2023-12-29,Ibovespa fecha 2023 com valorização de mais de 20%,https://agenciabrasil.ebc.com.br/economia/noticia/2023-12/ibovespa-fecha-2023-com-valorizacao-de-mais-de-20,False,True,200,https://agenciabrasil.ebc.com.br/economia/noticia/2023-12/ibovespa-fecha-2023-com-valorizacao-de-mais-de-20,0,Ibovespa fecha 2023 com valorização de mais de 20%,1.0,2023-12-29,agenciabrasil.ebc.com.br,,,OK,
n084,CNN Brasil,2024-01-05,"Após arroz subir 18%, feijão deve ficar mais caro em 2024",https://www.cnnbrasil.com.br/economia/macroeconomia/apos-arroz-subir-18-feijao-deve-ficar-mais-caro-em-2024/,False,True,200,https://www.cnnbrasil.com.br/economia/seu-bolso/meu-dinheiro/apos-arroz-subir-18-feijao-deve-ficar-mais-caro-em-2024/,1,"Após arroz subir 18%, feijão deve ficar mais caro em 2024 | CNN Brasil",0.95,2024-01-05,www.cnnbrasil.com.br,https://admin.cnnbrasil.com.br/wp-content/uploads/sites/12/2021/06/12457_33A6EB3D322430F7.jpg?w=1600,200,OK_COM_REDIRECT,
n085,CNN Brasil,2024-01-11,IPCA 2023: veja o que mais caiu e mais subiu no ano,https://www.cnnbrasil.com.br/economia/financas/ipca-2023-veja-o-que-mais-caiu-e-mais-subiu-no-ano/,False,True,200,https://www.cnnbrasil.com.br/economia/seu-bolso/meu-dinheiro/ipca-2023-veja-o-que-mais-caiu-e-mais-subiu-no-ano/,1,IPCA 2023: veja o que mais caiu e mais subiu no ano | CNN Brasil,0.95,2024-01-11,www.cnnbrasil.com.br,https://admin.cnnbrasil.com.br/wp-content/uploads/sites/12/2021/11/strawberry-gd825a39ef_1920.jpg?w=1600,200,OK_COM_REDIRECT,
n086,CNN Brasil,2024-01-11,"IPCA fecha 2023 em 4,62% e fica abaixo do teto da meta pela 1ª vez desde 2020",https://www.cnnbrasil.com.br/economia/macroeconomia/ipca-fecha-2023-em-462-e-fica-abaixo-do-teto-da-meta-pela-1a-vez-desde-2020/,True,True,200,https://www.cnnbrasil.com.br/economia/seu-bolso/meu-dinheiro/ipca-fecha-2023-em-462-e-fica-abaixo-do-teto-da-meta-pela-1a-vez-desde-2020/,1,"IPCA fecha 2023 em 4,62% e fica abaixo do teto da meta pela 1ª vez desde 2020 | CNN Brasil",0.95,2024-01-11,www.cnnbrasil.com.br,https://admin.cnnbrasil.com.br/wp-content/uploads/sites/12/2022/08/transporte_publico_brasilia_03.jpg?w=1600,200,OK_COM_REDIRECT,
n087,Agência Brasil,2024-02-01,Preço da gasolina e do diesel sobem nesta quinta com novo ICMS,https://agenciabrasil.ebc.com.br/economia/noticia/2024-01/preco-da-gasolina-e-do-diesel-sobem-nesta-quinta-com-novo-icms,False,True,200,https://agenciabrasil.ebc.com.br/economia/noticia/2024-01/preco-da-gasolina-e-do-diesel-sobem-nesta-quinta-com-novo-icms,0,Preço da gasolina e do diesel sobem nesta quinta com novo ICMS,1.0,2024-02-01,agenciabrasil.ebc.com.br,https://imagens.ebc.com.br/twjWuHUZHR2hBjjQU9hqEsXR2q4=/1170x700/smart/https://agenciabrasil.ebc.com.br/sites/default/files/thumbnails/image/fiscalizacao-postos-de-combustivel_mcamgo_abr_150320211818-32.jpg?itok=u5d-BKa1,200,OK,
n088,Agência Brasil,2024-03-01,"Economia brasileira cresce 2,9% em 2023",https://agenciabrasil.ebc.com.br/economia/noticia/2024-03/economia-brasileira-cresce-29-em-2023,True,True,200,https://agenciabrasil.ebc.com.br/economia/noticia/2024-03/economia-brasileira-cresce-29-em-2023,0,"Economia brasileira cresce 2,9% em 2023",1.0,2024-03-01,agenciabrasil.ebc.com.br,https://imagens.ebc.com.br/GyxytXByQze3A9YkQXtDTU42qTs=/1170x700/smart/https://agenciabrasil.ebc.com.br/sites/default/files/atoms/image/economia_ilustracao-5.jpg?itok=ifWO4rkz,200,OK,
n089,Agência Brasil,2024-05-17,"Taxa de desemprego fica em 7,9%; índice é o menor em 10 anos",https://agenciabrasil.ebc.com.br/economia/noticia/2024-05/taxa-de-desemprego-fica-em-79-indice-e-o-menor-em-10-anos,True,True,200,https://agenciabrasil.ebc.com.br/economia/noticia/2024-05/taxa-de-desemprego-fica-em-79-indice-e-o-menor-em-10-anos,0,"Taxa de desemprego fica em 7,9%; índice é o menor em 10 anos",1.0,2024-05-17,agenciabrasil.ebc.com.br,https://imagens.ebc.com.br/JbRLWObzDjzISjipVznUA9jPDz8=/1170x700/smart/https://agenciabrasil.ebc.com.br/sites/default/files/thumbnails/image/02_carteira_de_trabalho.jpg?itok=VCMlSAgJ,200,OK,
n090,Poder360,2024-06-06,Governo encerra leilão e compra 263 mil toneladas de arroz,https://www.poder360.com.br/governo/governo-encerra-leilao-e-compra-263-mil-toneladas-de-arroz/,False,True,200,https://www.poder360.com.br/governo/governo-encerra-leilao-e-compra-263-mil-toneladas-de-arroz/,0,Governo encerra leilão e compra 263 mil toneladas de arroz,1.0,2024-06-06,www.poder360.com.br,https://static.poder360.com.br/uploads/2024/05/Arroz-Supermercado-Hipermercado-Alimentos-CestaBasica-Inflacao-6-scaled.jpg,200,OK,
n091,Agência Brasil,2024-07-08,"Petrobras reajusta em 7,12% preço da gasolina para distribuidoras",https://agenciabrasil.ebc.com.br/economia/noticia/2024-07/petrobras-reajusta-712-no-preco-da-gasolina-para-distribuidoras,False,True,200,https://agenciabrasil.ebc.com.br/economia/noticia/2024-07/petrobras-reajusta-712-no-preco-da-gasolina-para-distribuidoras,0,"Petrobras reajusta em 7,12% preço da gasolina para distribuidoras",1.0,2024-07-08,agenciabrasil.ebc.com.br,https://imagens.ebc.com.br/OTdlz1eqNLBe_1QQbCB7sE96O7g=/1170x700/smart/https://agenciabrasil.ebc.com.br/sites/default/files/thumbnails/image/tmazs_edit_24051807918.jpg?itok=_nRykD9n,200,OK,
n092,Agência Brasil,2024-07-10,Batata-inglesa e leite longa vida puxam inflação em junho,https://agenciabrasil.ebc.com.br/economia/noticia/2024-07/batata-inglesa-e-leite-longa-vida-puxam-inflacao-em-junho,False,True,200,https://agenciabrasil.ebc.com.br/economia/noticia/2024-07/batata-inglesa-e-leite-longa-vida-puxam-inflacao-em-junho,0,Batata-inglesa e leite longa vida puxam inflação em junho,1.0,2024-07-10,agenciabrasil.ebc.com.br,https://imagens.ebc.com.br/GZXnJq1ngI0lPiCtU6gcAHcykA4=/1170x700/smart/https://agenciabrasil.ebc.com.br/sites/default/files/thumbnails/image/banco_de_imagens_vac_abr_2907221191.jpg?itok=0HpOpRHn,200,OK,
n093,Agência Brasil,2024-07-31,"Copom mantém juros básicos em 10,5% ao ano",https://agenciabrasil.ebc.com.br/economia/noticia/2024-07/copom-mantem-juros-basicos-em-105-ao-ano,False,True,200,https://agenciabrasil.ebc.com.br/economia/noticia/2024-07/copom-mantem-juros-basicos-em-105-ao-ano,0,"Copom mantém juros básicos em 10,5% ao ano",1.0,2024-07-31,agenciabrasil.ebc.com.br,,,OK,
n094,Exame,2024-08-28,Ibovespa sobe e renova recorde com Petrobras; Haddad confirma Galípolo para presidente do BC,https://exame.com/invest/mercados/ibovespa-hoje-28-08-2024/,False,True,200,https://exame.com/invest/mercados/ibovespa-hoje-28-08-2024/,0,Ibovespa sobe e renova recorde com Petrobras; Haddad confirma Galípolo para presidente do BC,1.0,2024-08-28,exame.com,https://classic.exame.com/wp-content/uploads/2021/05/DSC2685bx.jpg,200,OK,
n095,Agência Brasil,2024-11-28,"RS: organismos internacionais calculam danos de R$ 88,9 bi com chuvas",https://agenciabrasil.ebc.com.br/economia/noticia/2024-11/rs-organismos-internacionais-calculam-danos-de-r-889-bi-com-chuvas,True,True,200,https://agenciabrasil.ebc.com.br/economia/noticia/2024-11/rs-organismos-internacionais-calculam-danos-de-r-889-bi-com-chuvas,0,"RS: organismos internacionais calculam danos de R$ 88,9 bi com chuvas",1.0,2024-11-28,agenciabrasil.ebc.com.br,https://imagens.ebc.com.br/l5z5-LwFu0HOTf-HzrW_8ejasLI=/1170x700/smart/https://agenciabrasil.ebc.com.br/sites/default/files/thumbnails/image/2024/06/20/_mg_5331.jpg?itok=VyKlcmp8,200,OK,
n096,Poder360,2024-11-29,Dólar fecha a R$ 6 pela 1ª vez e tem alta de 24% no ano,https://www.poder360.com.br/poder-economia/dolar-fecha-a-r-6-pela-1a-vez-na-historia/,True,True,200,https://www.poder360.com.br/poder-economia/dolar-fecha-a-r-6-pela-1a-vez-na-historia/,0,Dólar fecha a R$ 6 pela 1ª vez e tem alta de 24% no ano,1.0,2024-11-29,www.poder360.com.br,https://static.poder360.com.br/uploads/2024/11/Lula-Haddad-AgriculturaFamiliar-7-1-scaled.jpg,200,OK,
n097,Agência Brasil,2024-12-10,"Brasil exporta 46 milhões de sacas de café, atingindo recorde em 2024",https://agenciabrasil.ebc.com.br/economia/noticia/2024-12/brasil-exporta-46-milhoes-de-sacas-de-cafe-atingindo-recorde-em-2024,False,True,200,https://agenciabrasil.ebc.com.br/economia/noticia/2024-12/brasil-exporta-46-milhoes-de-sacas-de-cafe-atingindo-recorde-em-2024,0,"Brasil exporta 46 milhões de sacas de café, atingindo recorde em 2024",1.0,2024-12-10,agenciabrasil.ebc.com.br,https://imagens.ebc.com.br/oUqD3dMBrsEw9Ou4x-9nm_LxRxA=/1170x700/smart/https://agenciabrasil.ebc.com.br/sites/default/files/thumbnails/image/mca_abr_17061917250.jpg?itok=tMYQmiDD,200,OK,
n098,Agência Brasil,2025-01-10,"Clima, dólar e preço da carne explicam inflação acima da meta em 2024",https://agenciabrasil.ebc.com.br/economia/noticia/2025-01/clima-dolar-e-preco-da-carne-explicam-inflacao-acima-da-meta-em-2024,False,True,200,https://agenciabrasil.ebc.com.br/economia/noticia/2025-01/clima-dolar-e-preco-da-carne-explicam-inflacao-acima-da-meta-em-2024,0,"Clima, dólar e preço da carne explicam inflação acima da meta em 2024",1.0,2025-01-10,agenciabrasil.ebc.com.br,https://imagens.ebc.com.br/VPMH-xGkqzi7q2mv5bHFo0xu8b8=/1170x700/smart/https://agenciabrasil.ebc.com.br/sites/default/files/thumbnails/image/2025/01/10/inlacao1.jpg?itok=lgJ8cw1P,200,OK,
n099,Agência Brasil,2025-03-07,"Economia brasileira cresce 3,4% em 2024, maior alta desde 2021",https://agenciabrasil.ebc.com.br/economia/noticia/2025-03/economia-brasileira-cresce-34-em-2024-maior-alta-desde-2021,True,True,200,https://agenciabrasil.ebc.com.br/economia/noticia/2025-03/economia-brasileira-cresce-34-em-2024-maior-alta-desde-2021,0,"Economia brasileira cresce 3,4% em 2024, maior alta desde 2021",1.0,2025-03-07,agenciabrasil.ebc.com.br,,,OK,
n100,Agência Brasil,2025-03-28,Rendimento mensal do trabalhador bate recorde e chega a R$ 3.378,https://agenciabrasil.ebc.com.br/economia/noticia/2025-03/rendimento-mensal-do-trabalhador-bate-recorde-e-chega-r-3378,True,True,200,https://agenciabrasil.ebc.com.br/economia/noticia/2025-03/rendimento-mensal-do-trabalhador-bate-recorde-e-chega-r-3378,0,Rendimento mensal do trabalhador bate recorde e chega a R$ 3.378,1.0,2025-03-28,agenciabrasil.ebc.com.br,https://imagens.ebc.com.br/JbRLWObzDjzISjipVznUA9jPDz8=/1170x700/smart/https://agenciabrasil.ebc.com.br/sites/default/files/thumbnails/image/02_carteira_de_trabalho.jpg?itok=VCMlSAgJ,200,OK,
n101,Agência Brasil,2025-05-05,Petrobras reduz preço do diesel para as distribuidoras,https://agenciabrasil.ebc.com.br/economia/noticia/2025-05/petrobras-reduz-preco-do-diesel-para-distribuidoras,False,True,200,https://agenciabrasil.ebc.com.br/economia/noticia/2025-05/petrobras-reduz-preco-do-diesel-para-distribuidoras,0,Petrobras reduz preço do diesel para as distribuidoras,1.0,2025-05-05,agenciabrasil.ebc.com.br,,,OK,
n102,InfoMoney,2025-05-09,Preço do café moído sobe 80% em 12 meses e tem maior alta desde início do Plano Real,https://www.infomoney.com.br/economia/preco-do-cafe-moido-sobe-80-em-12-meses-e-tem-maior-alta-desde-inicio-do-plano-real/,True,True,200,https://www.infomoney.com.br/economia/preco-do-cafe-moido-sobe-80-em-12-meses-e-tem-maior-alta-desde-inicio-do-plano-real/,0,Preço do café moído sobe 80% em 12 meses e tem maior alta desde início do Plano Real,1.0,2025-05-09,www.infomoney.com.br,https://www.infomoney.com.br/wp-content/uploads/2025/05/2025-05-09T183433Z_1_LYNXMPEL480TJ_RTROPTP_4_GLOBAL-COFFEE.jpg?quality=70,200,OK,
n103,Agência Brasil,2025-05-13,"Dólar cai para R$ 5,60, e bolsa fecha em máxima histórica",https://agenciabrasil.ebc.com.br/economia/noticia/2025-05/dolar-cai-para-r-560-e-bolsa-fecha-em-maxima-historica,False,True,200,https://agenciabrasil.ebc.com.br/economia/noticia/2025-05/dolar-cai-para-r-560-e-bolsa-fecha-em-maxima-historica,0,"Dólar cai para R$ 5,60, e bolsa fecha em máxima histórica",1.0,2025-05-13,agenciabrasil.ebc.com.br,,,OK,
n104,Agência Brasil,2025-05-27,"Prévia da inflação oficial recua para 0,36% em maio, diz IBGE",https://agenciabrasil.ebc.com.br/economia/noticia/2025-05/previa-da-inflacao-oficial-recua-para-036-em-maio-diz-ibge,False,True,200,https://agenciabrasil.ebc.com.br/economia/noticia/2025-05/previa-da-inflacao-oficial-recua-para-036-em-maio-diz-ibge,0,"Prévia da inflação oficial recua para 0,36% em maio, diz IBGE",1.0,2025-05-27,agenciabrasil.ebc.com.br,https://imagens.ebc.com.br/7AHx3qLwRYpJeGkiHUS2aG5h_x8=/1170x700/smart/https://agenciabrasil.ebc.com.br/sites/default/files/thumbnails/image/001_agencia_brasil011211frp_6763.jpg?itok=Hmb3gk5w,200,OK,
n105,CNN Brasil,2025-06-18,BC sobe juros para 15% ao ano e sinaliza fim do ciclo de alta,https://www.cnnbrasil.com.br/economia/macroeconomia/copom-junho-2025/,True,True,200,https://www.cnnbrasil.com.br/economia/money/macroeconomia/copom-junho-2025/,1,BC sobe juros para 15% ao ano e sinaliza fim do ciclo de alta | CNN Brasil,0.95,2025-06-18,www.cnnbrasil.com.br,,,OK_COM_REDIRECT,
n106,Agência Brasil,2025-06-25,Governo aumenta mistura do etanol na gasolina para 30%,https://agenciabrasil.ebc.com.br/economia/noticia/2025-06/governo-aumento-mistura-do-etanol-na-gasolina-para-30,False,True,200,https://agenciabrasil.ebc.com.br/economia/noticia/2025-06/governo-aumento-mistura-do-etanol-na-gasolina-para-30,0,Governo anuncia aumento do etanol na gasolina para 30%,0.83,2025-06-25,agenciabrasil.ebc.com.br,https://imagens.ebc.com.br/IRu-Ysn3sD-tS1Zk_x4DlvjDpC8=/1170x700/smart/https://agenciabrasil.ebc.com.br/sites/default/files/thumbnails/image/posto_de_gasolina_jfcrz_abr_0605223813.jpg?itok=7XvsyYqe,200,OK,
n107,Agência Brasil,2025-07-09,"Em carta a Lula, Trump anuncia tarifa de 50% a produtos brasileiros",https://agenciabrasil.ebc.com.br/internacional/noticia/2025-07/em-carta-lula-trump-anuncia-tarifa-de-50-produtos-brasileiros,True,True,200,https://agenciabrasil.ebc.com.br/internacional/noticia/2025-07/em-carta-lula-trump-anuncia-tarifa-de-50-produtos-brasileiros,0,"Em carta a Lula, Trump anuncia tarifa de 50% a produtos brasileiros",1.0,2025-07-09,agenciabrasil.ebc.com.br,,,OK,
n108,Agência Brasil,2025-07-31,"IBGE: taxa de desemprego cai para 5,8%, a menor já registrada","https://agenciabrasil.ebc.com.br/economia/noticia/2025-07/ibge-taxa-de-desemprego-cai-para-5,8%25-a-menor-ja-registrada",True,True,200,"https://agenciabrasil.ebc.com.br/economia/noticia/2025-07/ibge-taxa-de-desemprego-cai-para-5,8%25-a-menor-ja-registrada",0,"IBGE: taxa de desemprego cai para 5,8%, a menor já registrada",1.0,2025-07-31,agenciabrasil.ebc.com.br,https://imagens.ebc.com.br/gp2i2s9arxJsVVrNT1tsFV-GSGg=/1170x700/smart/https://agenciabrasil.ebc.com.br/sites/default/files/atoms/image/camelo.jpg?itok=emuxweMU,200,OK,
n109,Agência Brasil,2025-08-06,Tarifaço sobre parte de exportações brasileiras entra em vigor hoje,https://agenciabrasil.ebc.com.br/economia/noticia/2025-08/tarifaco-sobre-parte-das-exportacoes-brasileiras-entra-em-vigor-hoje,True,True,200,https://agenciabrasil.ebc.com.br/economia/noticia/2025-08/tarifaco-sobre-parte-das-exportacoes-brasileiras-entra-em-vigor-hoje,0,Tarifaço sobre parte de exportações brasileiras entra em vigor hoje,1.0,2025-08-06,agenciabrasil.ebc.com.br,,,OK,
n110,Agência Brasil,2025-08-12,"Preço do café cai pela primeira vez depois de 18 meses, diz IBGE",https://agenciabrasil.ebc.com.br/economia/noticia/2025-08/preco-do-cafe-cai-pela-primeira-vez-depois-de-18-meses-diz-ibge,False,True,200,https://agenciabrasil.ebc.com.br/economia/noticia/2025-08/preco-do-cafe-cai-pela-primeira-vez-depois-de-18-meses-diz-ibge,0,"Preço do café cai pela primeira vez depois de 18 meses, diz IBGE",1.0,2025-08-12,agenciabrasil.ebc.com.br,https://imagens.ebc.com.br/oUqD3dMBrsEw9Ou4x-9nm_LxRxA=/1170x700/smart/https://agenciabrasil.ebc.com.br/sites/default/files/thumbnails/image/mca_abr_17061917250.jpg?itok=tMYQmiDD,200,OK,
n111,Agência Brasil,2025-10-10,"Preços dos alimentos caem pelo 4º mês consecutivo, diz IBGE",https://agenciabrasil.ebc.com.br/economia/noticia/2025-10/precos-dos-alimentos-caem-pelo-4o-mes-consecutivo-diz-ibge,False,True,200,https://agenciabrasil.ebc.com.br/economia/noticia/2025-10/precos-dos-alimentos-caem-pelo-4o-mes-consecutivo-diz-ibge,0,"Preços dos alimentos caem pelo 4º mês consecutivo, diz IBGE",1.0,2025-10-10,agenciabrasil.ebc.com.br,,,OK,
n112,InfoMoney,2025-10-20,"Petrobras (PETR4) reduz em R$ 0,14, ou 4,9%, o preço da gasolina para distribuidoras",https://www.infomoney.com.br/mercados/petrobras-petr4-anuncia-reducao-de-49-do-preco-da-gasolina-para-distribuidoras/,False,True,200,https://www.infomoney.com.br/mercados/petrobras-petr4-anuncia-reducao-de-49-do-preco-da-gasolina-para-distribuidoras/,0,"Petrobras (PETR4) reduz em R$ 0,14, ou 4,9%, o preço da gasolina para distribuidoras",1.0,2025-10-20,www.infomoney.com.br,https://www.infomoney.com.br/wp-content/uploads/2025/08/2025-08-07T174123Z_1_LYNXMPEL7610R_RTROPTP_4_MACRO-IGP10-MAIO.jpg?quality=70,200,OK,
n113,InfoMoney,2025-12-30,"Dólar cai 11,17% em 2025, maior queda desde 2016, e encerra ano cotado a R$ 5,48",https://www.infomoney.com.br/mercados/dolar-hoje-abertura-fechamento-comercial-turismo-30122025/,True,True,200,https://www.infomoney.com.br/mercados/dolar-hoje-abertura-fechamento-comercial-turismo-30122025/,0,"Dólar cai 11,17% em 2025, maior queda desde 2016, e encerra ano cotado a R$ 5,48",1.0,2025-12-30,www.infomoney.com.br,https://www.infomoney.com.br/wp-content/uploads/2025/07/2025-07-12T152558Z_1_LYNXMPEL6B06W_RTROPTP_4_BUSINESS-CURRENCY.jpg?quality=70,200,OK,
n114,Poder360,2026-01-09,"Alimentos contribuem para a inflação mais baixa em 2025, diz IBGE",https://www.poder360.com.br/poder-economia/alimentos-contribuem-para-a-inflacao-mais-baixa-em-2025-diz-ibge/,False,True,200,https://www.poder360.com.br/poder-economia/alimentos-contribuem-para-a-inflacao-mais-baixa-em-2025-diz-ibge/,0,"Alimentos contribuem para a inflação mais baixa em 2025, diz IBGE",1.0,2026-01-09,www.poder360.com.br,https://static.poder360.com.br/uploads/2024/05/Arroz-Supermercado-Hipermercado-Alimentos-CestaBasica-Inflacao-19-scaled.jpg,200,OK,
n115,Agência Brasil,2026-01-09,"IPCA vai a 0,33% em dezembro e fecha 2025 em 4,26%, abaixo da meta",https://agenciabrasil.ebc.com.br/economia/noticia/2026-01/ipca-vai-033-em-dezembro-e-fecha-2025-em-426,True,True,200,https://agenciabrasil.ebc.com.br/economia/noticia/2026-01/ipca-vai-033-em-dezembro-e-fecha-2025-em-426,0,"IPCA vai a 0,33% em dezembro e fecha 2025 em 4,26%, abaixo da meta",1.0,2026-01-09,agenciabrasil.ebc.com.br,https://imagens.ebc.com.br/FmShOwBMKjM6q8A5-0RygtI6k_4=/1170x700/smart/https://agenciabrasil.ebc.com.br/sites/default/files/thumbnails/image/economia_1609210423_0.jpg?itok=-M8-qJCI,200,OK,
n116,Agência Brasil,2026-03-03,"Economia brasileira cresce 2,3% em 2025, revela IBGE",https://agenciabrasil.ebc.com.br/educacao/noticia/2026-03/economia-brasileira-cresce-23-em-2025-revela-ibge,True,True,200,https://agenciabrasil.ebc.com.br/educacao/noticia/2026-03/economia-brasileira-cresce-23-em-2025-revela-ibge,0,"Economia brasileira cresce 2,3% em 2025, revela IBGE",1.0,2026-03-03,agenciabrasil.ebc.com.br,,,OK,
n117,IBGE — Agência de Notícias,2026-03-03,"PIB cresce 2,3% em 2025",https://agenciadenoticias.ibge.gov.br/agencia-noticias/2012-agencia-de-noticias/noticias/45969-pib-cresce-2-3-em-2025,False,True,403,https://agenciadenoticias.ibge.gov.br/agencia-noticias/2012-agencia-de-noticias/noticias/45969-pib-cresce-2-3-em-2025,0,,,,agenciadenoticias.ibge.gov.br,,,BLOQUEADO,http://web.archive.org/web/20260303153737/https://agenciadenoticias.ibge.gov.br/agencia-noticias/2012-agencia-de-noticias/noticias/45969-pib-cresce-2-3-em-2025
n118,Agência Brasil,2026-03-13,"Petrobras reajusta preço do diesel em R$ 0,38 por litro",https://agenciabrasil.ebc.com.br/economia/noticia/2026-03/petrobras-reajusta-preco-do-diesel-em-r-038-por-litro,False,True,200,https://agenciabrasil.ebc.com.br/economia/noticia/2026-03/petrobras-reajusta-preco-do-diesel-em-r-038-por-litro,0,"Petrobras reajusta preço do diesel em R$ 0,38 por litro",1.0,2026-03-13,agenciabrasil.ebc.com.br,https://imagens.ebc.com.br/PI3nN0DCM9acM2SlOZi8g_l_CeA=/1170x700/smart/https://agenciabrasil.ebc.com.br/sites/default/files/thumbnails/image/2024/11/08/dji_0374-2.jpg?itok=on_Qwosv,200,OK,
n119,Agência Brasil,2026-03-13,Petrobras aprova adesão a programa para conter alta do diesel,https://agenciabrasil.ebc.com.br/economia/noticia/2026-03/petrobras-aprova-adesao-ao-programa-do-governo-para-baratear-diesel,True,True,200,https://agenciabrasil.ebc.com.br/economia/noticia/2026-03/petrobras-aprova-adesao-ao-programa-do-governo-para-baratear-diesel,0,Petrobras aprova adesão a programa para conter alta do diesel,1.0,2026-03-13,agenciabrasil.ebc.com.br,https://imagens.ebc.com.br/gTPAfCtMPm2dJ16rS2XuxBehtFo=/1170x700/smart/https://agenciabrasil.ebc.com.br/sites/default/files/thumbnails/image/_mg_1605.jpg?itok=0EsdfZaq,200,OK,
n120,Correio Braziliense,2026-03-13,"Depois do diesel, preço da gasolina também vai subir? Entenda os possíveis impactos econômicos no Brasil da guerra no Irã",https://www.correiobraziliense.com.br/mundo/2026/03/7375289-depois-do-diesel-preco-da-gasolina-tambem-vai-subir-entenda-os-possiveis-impactos-economicos-no-brasil-da-guerra-no-ira.html,False,True,200,https://www.correiobraziliense.com.br/mundo/2026/03/7375289-depois-do-diesel-preco-da-gasolina-tambem-vai-subir-entenda-os-possiveis-impactos-economicos-no-brasil-da-guerra-no-ira.html,0,"Depois do diesel, preÃ§o da gasolina tambÃ©m vai subir? Entenda os possÃ­veis impactos econÃ´micos no Brasil da guerra no IrÃ£",0.95,2026-03-13,www.correiobraziliense.com.br,https://midias.correiobraziliense.com.br/_midias/jpg/2026/03/13/8c98f260-1d7c-11f1-a17e-358a512ba0b9-65265699.jpg?20260313171104?20260313171104,200,OK,
n121,Correio Braziliense,2026-03-14,"Alta do diesel: Petrobras eleva preço, mesmo após governo Lula zerar imposto com guerra no Irã",https://www.correiobraziliense.com.br/mundo/2026/03/7375721-alta-do-diesel-petrobras-eleva-preco-mesmo-apos-governo-lula-zerar-imposto-com-guerra-no-ira.html,False,True,200,https://www.correiobraziliense.com.br/mundo/2026/03/7375721-alta-do-diesel-petrobras-eleva-preco-mesmo-apos-governo-lula-zerar-imposto-com-guerra-no-ira.html,0,"Alta do diesel: Petrobras eleva preÃ§o, mesmo apÃ³s governo Lula zerar imposto com guerra no IrÃ£",0.97,2026-03-14,www.correiobraziliense.com.br,https://midias.correiobraziliense.com.br/_midias/jpg/2026/03/14/249e3a90-1e5c-11f1-a1da-edae1d05dd8e-65290889.jpg?20260314133048?20260314133048,200,OK,
n122,Correio Braziliense,2026-04-07,Conflito com Irã: como o preço da gasolina no Brasil é afetado,https://www.correiobraziliense.com.br/aqui/2026/04/07/conflito-com-ira-como-o-preco-da-gasolina-no-brasil-e-afetado/,False,True,200,https://www.correiobraziliense.com.br/aqui/2026/04/07/conflito-com-ira-como-o-preco-da-gasolina-no-brasil-e-afetado/,0,Conflito com Irã: como o preço da gasolina no Brasil é afetado,1.0,2026-04-07,www.correiobraziliense.com.br,https://www.correiobraziliense.com.br/aqui/wp-content/uploads/2026/04/gasolina_1775595217731.jpg,200,OK,
n123,Agência Brasil,2026-04-08,Cesta básica fica mais cara em todas as capitais brasileiras em março,https://agenciabrasil.ebc.com.br/economia/noticia/2026-04/cesta-basica-fica-mais-cara-em-todas-capitais-brasileiras-em-marco,False,True,200,https://agenciabrasil.ebc.com.br/economia/noticia/2026-04/cesta-basica-fica-mais-cara-em-todas-capitais-brasileiras-em-marco,0,Cesta básica fica mais cara em todas as capitais brasileiras em março,1.0,2026-04-08,agenciabrasil.ebc.com.br,,,OK,
n124,Agência Brasil,2026-04-09,Petrobras devolverá diferença de preço de leilão de gás,https://agenciabrasil.ebc.com.br/economia/noticia/2026-04/petrobras-devolvera-diferenca-de-preco-de-leilao-de-gas,False,True,200,https://agenciabrasil.ebc.com.br/economia/noticia/2026-04/petrobras-devolvera-diferenca-de-preco-de-leilao-de-gas,0,Petrobras devolverá diferença de preço de leilão de gás,1.0,2026-04-09,agenciabrasil.ebc.com.br,https://imagens.ebc.com.br/AvJAg1Nr8HVfdrgRwITW02v2lgg=/1170x700/smart/https://agenciabrasil.ebc.com.br/sites/default/files/thumbnails/image/2024/11/08/_d6a4510-3.jpg?itok=ClHVjVKS,200,OK,
n125,Agência Brasil,2026-04-13,Dólar fecha abaixo de R$ 5 pela primeira vez em mais de dois anos,https://agenciabrasil.ebc.com.br/economia/noticia/2026-04/dolar-fecha-abaixo-de-r-5-pela-primeira-vez-em-mais-de-dois-anos,False,True,200,https://agenciabrasil.ebc.com.br/economia/noticia/2026-04/dolar-fecha-abaixo-de-r-5-pela-primeira-vez-em-mais-de-dois-anos,0,Dólar fecha abaixo de R$ 5 pela primeira vez em mais de dois anos,1.0,2026-04-13,agenciabrasil.ebc.com.br,https://imagens.ebc.com.br/Thsrc1ErYS-NQJw33qt7dWKt4h0=/1170x700/smart/https://agenciabrasil.ebc.com.br/sites/default/files/thumbnails/image/dolar_moeda_0803221206.jpg?itok=NR5wYB3s,200,OK,
n126,Agência Brasil,2026-04-29,"Banco Central reduz juros básicos para 14,5% ao ano",https://agenciabrasil.ebc.com.br/economia/noticia/2026-04/banco-central-reduz-juros-basicos-para-145-ao-ano,True,True,200,https://agenciabrasil.ebc.com.br/economia/noticia/2026-04/banco-central-reduz-juros-basicos-para-145-ao-ano,0,"Banco Central reduz juros básicos para 14,5% ao ano",1.0,2026-04-29,agenciabrasil.ebc.com.br,https://imagens.ebc.com.br/sZMWmzi-_wFHDDFepV8JMMQK0bI=/1170x700/smart/https://agenciabrasil.ebc.com.br/sites/default/files/thumbnails/image/banco_central_abr_30091923895.jpg?itok=IB8DxzcR,200,OK,
n127,Agência Brasil,2026-05-14,Distrito Federal e 15 estados têm rendimento do trabalhador recorde,https://agenciabrasil.ebc.com.br/economia/noticia/2026-05/distrito-federal-e-15-estados-tem-rendimento-do-trabalhador-recorde,True,True,200,https://agenciabrasil.ebc.com.br/economia/noticia/2026-05/distrito-federal-e-15-estados-tem-rendimento-do-trabalhador-recorde,0,Distrito Federal e 15 estados têm rendimento do trabalhador recorde,1.0,2026-05-14,agenciabrasil.ebc.com.br,https://imagens.ebc.com.br/mW2yYmUWjSmKGqgjU7ETDGOc5jg=/1170x700/smart/https://agenciabrasil.ebc.com.br/sites/default/files/thumbnails/image/dinheiro_caixa_mcajr_abr_2907221128.jpg?itok=kyoGQMUw,200,OK,
n128,Agência Brasil,2026-05-28,"Petrobras anuncia alta de R$ 0,04 na gasolina vendida a distribuidoras",https://agenciabrasil.ebc.com.br/economia/noticia/2026-05/petrobras-anuncia-alta-de-r-004-na-gasolina-vendida-distribuidoras,False,True,200,https://agenciabrasil.ebc.com.br/economia/noticia/2026-05/petrobras-anuncia-alta-de-r-004-na-gasolina-vendida-distribuidoras,0,"Petrobras anuncia alta de R$ 0,04 na gasolina vendida a distribuidoras",1.0,2026-05-28,agenciabrasil.ebc.com.br,https://imagens.ebc.com.br/6CkJ5HsJgnMPmyrJxqXuET__30Q=/1170x700/smart/https://agenciabrasil.ebc.com.br/sites/default/files/thumbnails/image/_abr5101.jpg?itok=g1m7Bc2m,200,OK,
n129,Agência Brasil,2026-05-29,"Economia brasileira cresce 1,1% no 1º trimestre",https://agenciabrasil.ebc.com.br/economia/noticia/2026-05/economia-brasileira-cresce-11-no-1o-trimestre,False,True,200,https://agenciabrasil.ebc.com.br/economia/noticia/2026-05/economia-brasileira-cresce-11-no-1o-trimestre,0,"Economia brasileira cresce 1,1% no 1º trimestre",1.0,2026-05-29,agenciabrasil.ebc.com.br,,,OK,
n130,IBGE — Agência de Notícias,2026-05-29,"PIB cresce 1,1% no primeiro trimestre de 2026",https://agenciadenoticias.ibge.gov.br/agencia-sala-de-imprensa/2013-agencia-de-noticias/releases/46917-pib-cresce-1-1-no-primeiro-trimestre-de-2026,False,True,403,https://agenciadenoticias.ibge.gov.br/agencia-sala-de-imprensa/2013-agencia-de-noticias/releases/46917-pib-cresce-1-1-no-primeiro-trimestre-de-2026,0,,,,agenciadenoticias.ibge.gov.br,,,BLOQUEADO,http://web.archive.org/web/20260705172135/https://agenciadenoticias.ibge.gov.br/agencia-sala-de-imprensa/2013-agencia-de-noticias/releases/46917-pib-cresce-1-1-no-primeiro-trimestre-de-2026
n131,Agência Brasil,2026-06-09,Governo prevê aumento de etanol na gasolina de 30% para até 32%,https://agenciabrasil.ebc.com.br/economia/noticia/2026-06/governo-preve-aumento-de-etanol-na-gasolina-de-30-para-ate-32,False,True,200,https://agenciabrasil.ebc.com.br/economia/noticia/2026-06/governo-preve-aumento-de-etanol-na-gasolina-de-30-para-ate-32,0,Governo prevê aumento de etanol na gasolina de 30% para até 32%,1.0,2026-06-09,agenciabrasil.ebc.com.br,,,OK,
n132,CNN Brasil,2026-06-12,Inflação de maio é a maior para o mês em cinco anos e fura teto da meta,https://www.cnnbrasil.com.br/economia/macroeconomia/inflacao-ibge-ipca-12-junho-2026/,True,True,200,https://www.cnnbrasil.com.br/economia/money/macroeconomia/inflacao-ibge-ipca-12-junho-2026/,1,Inflação de maio é a maior para o mês em cinco anos e fura teto da meta | CNN Brasil,0.95,2026-06-12,www.cnnbrasil.com.br,https://admin.cnnbrasil.com.br/wp-content/uploads/sites/12/2026/06/visao-plana-de-alimentos-saudaveis-que-aumentam-imunidade.webp?w=1600,200,OK_COM_REDIRECT,
n133,Agência Brasil,2026-07-09,"Com nova alta mundial do petróleo, governo mantém desconto na gasolina",https://agenciabrasil.ebc.com.br/economia/noticia/2026-07/com-nova-alta-mundial-do-petroleo-governo-mantem-desconto-na-gasolina,False,True,200,https://agenciabrasil.ebc.com.br/economia/noticia/2026-07/com-nova-alta-mundial-do-petroleo-governo-mantem-desconto-na-gasolina,0,"Com nova alta mundial do petróleo, governo mantém desconto na gasolina",1.0,2026-07-09,agenciabrasil.ebc.com.br,https://imagens.ebc.com.br/nxKDxXKvotlDKI6qp8wIPaCvca4=/1170x700/smart/https://agenciabrasil.ebc.com.br/sites/default/files/atoms/image/935804-postos_combustiveis_aumento.jpg?itok=2Wl8v99k,200,OK,
n134,CNN Brasil,2026-07-23,Disparada do petróleo acende alerta para nova pressão na inflação,https://www.cnnbrasil.com.br/economia/money/macroeconomia/disparada-do-petroleo-acenda-alerta-para-nova-pressao-na-inflacao/,False,True,200,https://www.cnnbrasil.com.br/economia/money/macroeconomia/disparada-do-petroleo-acenda-alerta-para-nova-pressao-na-inflacao/,0,Disparada do petróleo acende alerta para nova pressão na inflação | CNN Brasil,0.95,2026-07-23,www.cnnbrasil.com.br,https://admin.cnnbrasil.com.br/wp-content/uploads/sites/12/Reuters_Direct_Media/BrazilOnlineReportAgribusinessNews/tagreuters.com2026binary_LYNXMPEM4Q23H-BASEIMAGE.jpg?w=1600,200,OK,
n135,Agência Brasil,2026-07-30,"Desemprego no 2º trimestre é 5,4%, o menor já registrado no período",https://agenciabrasil.ebc.com.br/economia/noticia/2026-07/desemprego-no-2o-trimestre-e-54-o-menor-ja-registrado-no-periodo,True,True,200,https://agenciabrasil.ebc.com.br/economia/noticia/2026-07/desemprego-no-2o-trimestre-e-54-o-menor-ja-registrado-no-periodo,0,"Desemprego no 2º trimestre é 5,4%, o menor já registrado no período",1.0,2026-07-30,agenciabrasil.ebc.com.br,https://imagens.ebc.com.br/6BhWgic1-V_RScaOgnbdoNjzp9k=/1170x700/smart/https://agenciabrasil.ebc.com.br/sites/default/files/thumbnails/image/carteira-de-trabalho-digital_mcamgo_abr_240620211818-6.jpg?itok=hDynM-QN,200,OK,
n136,CNN Brasil,2026-08-16,"Preço do feijão-carioca aumenta 96,8% em 2026, aponta levantamento da VR",https://www.cnnbrasil.com.br/agro/preco-do-feijao-carioca-dispara-968-em-2026-aponta-levantamento-da-vr/,False,True,200,https://www.cnnbrasil.com.br/agro/preco-do-feijao-carioca-dispara-968-em-2026-aponta-levantamento-da-vr/,0,"Preço do feijão-carioca aumenta 96,8% em 2026, aponta levantamento da VR | CNN Brasil",0.95,2026-08-16,www.cnnbrasil.com.br,https://admin.cnnbrasil.com.br/wp-content/uploads/sites/12/2026/01/carioca.jpg?w=1600,200,OK,
n137,Agência Brasil,2026-09-01,"PIB do Brasil cresce 0,5% no segundo trimestre, mostra IBGE",https://agenciabrasil.ebc.com.br/economia/noticia/2026-09/pib-do-brasil-cresce-05-no-segundo-trimestre-mostra-ibge,True,True,200,https://agenciabrasil.ebc.com.br/economia/noticia/2026-09/pib-do-brasil-cresce-05-no-segundo-trimestre-mostra-ibge,0,"PIB do Brasil cresce 0,5% no segundo trimestre, mostra IBGE",1.0,2026-09-01,agenciabrasil.ebc.com.br,https://imagens.ebc.com.br/fkfzrsxiXSdFPrlh0vk6GnEjUsQ=/1170x700/smart/https://agenciabrasil.ebc.com.br/sites/default/files/thumbnails/image/2026/07/10/_raf1037_1.jpg?itok=QXEJ1MDg,200,OK,
n138,IBGE — Agência de Notícias,2026-09-01,"PIB cresce 0,5% no segundo trimestre de 2026",https://agenciadenoticias.ibge.gov.br/agencia-sala-de-imprensa/2013-agencia-de-noticias/releases/47902-pib-cresce-0-5-no-segundo-trimestre-de-2026,False,True,403,https://agenciadenoticias.ibge.gov.br/agencia-sala-de-imprensa/2013-agencia-de-noticias/releases/47902-pib-cresce-0-5-no-segundo-trimestre-de-2026,0,,,,agenciadenoticias.ibge.gov.br,,,BLOQUEADO,http://web.archive.org/web/20260917230120/https://agenciadenoticias.ibge.gov.br/agencia-sala-de-imprensa/2013-agencia-de-noticias/releases/47902-pib-cresce-0-5-no-segundo-trimestre-de-2026
n139,Agência Brasil,2026-09-09,Subsídios à gasolina e ao diesel são ampliados após alta do petróleo,https://agenciabrasil.ebc.com.br/economia/noticia/2026-09/subsidios-gasolina-e-ao-diesel-sao-ampliados-apos-alta-do-petroleo,False,True,200,https://agenciabrasil.ebc.com.br/economia/noticia/2026-09/subsidios-gasolina-e-ao-diesel-sao-ampliados-apos-alta-do-petroleo,0,Subsídios à gasolina e ao diesel são ampliados após alta do petróleo,1.0,2026-09-09,agenciabrasil.ebc.com.br,https://imagens.ebc.com.br/Zlta6dvep36AN2pOh0eBhg950Ks=/1170x700/smart/https://agenciabrasil.ebc.com.br/sites/default/files/thumbnails/image/ffraz_abr2405182855_1.jpg?itok=SYn83ZFZ,200,OK,
n140,CNN Brasil,2026-09-09,Petróleo volta a US$ 100 pela 1ª vez desde julho com conflito no Oriente,https://www.cnnbrasil.com.br/economia/petroleo-volta-a-us-100-pela-1a-vez-desde-julho-com-conflito-no-oriente/,False,True,200,https://www.cnnbrasil.com.br/economia/petroleo-volta-a-us-100-pela-1a-vez-desde-julho-com-conflito-no-oriente/,0,Petróleo volta a US$ 100 pela 1ª vez desde julho com conflito no Oriente | CNN Brasil,0.95,2026-09-09,www.cnnbrasil.com.br,https://admin.cnnbrasil.com.br/wp-content/uploads/sites/12/Reuters_Direct_Media/BrazilOnlineReportAgribusinessNews/tagreuters.com2026binary_LYNXMPEM4Q23H-BASEIMAGE.jpg?w=1600,200,OK,
n141,Agência Brasil,2026-09-17,"Petrobras aumenta diesel, mas subsídio mantém valor final; entenda",https://agenciabrasil.ebc.com.br/economia/noticia/2026-09/petrobras-aumenta-diesel-mas-subsitio-mantem-valor-final-entenda,False,True,200,https://agenciabrasil.ebc.com.br/economia/noticia/2026-09/petrobras-aumenta-diesel-mas-subsitio-mantem-valor-final-entenda,0,"Petrobras aumenta diesel, mas subsídio mantém valor final; entenda",1.0,2026-09-17,agenciabrasil.ebc.com.br,,,OK,
n142,Agência Brasil,2026-09-29,"Taxa de desemprego cai para 5,3%, a menor para o trimestre até agosto",https://agenciabrasil.ebc.com.br/economia/noticia/2026-09/taxa-de-desemprego-cai-para-53-menor-para-o-trimestre-ate-agosto,True,True,200,https://agenciabrasil.ebc.com.br/economia/noticia/2026-09/taxa-de-desemprego-cai-para-53-menor-para-o-trimestre-ate-agosto,0,"Taxa de desemprego cai para 5,3%, a menor para o trimestre até agosto",1.0,2026-09-29,agenciabrasil.ebc.com.br,https://imagens.ebc.com.br/XU0KxiRRSyu-jsOwSXrX7QW9FWY=/1170x700/smart/https://agenciabrasil.ebc.com.br/sites/default/files/thumbnails/image/carteira-de-trabalho-digital_mcamgo_abr_240620211818.jpg?itok=N7Fj4zTX,200,OK,
